"ChEMBL ID";"Name";"Synonyms";"Type";"Max Phase";"Molecular Weight";"Targets";"Bioactivities";"AlogP";"Polar Surface Area";"HBA";"HBD";"#RO5 Violations";"#Rotatable Bonds";"Passes Ro3";"QED Weighted";"CX Acidic pKa";"CX Basic pKa";"CX LogP";"CX LogD";"Aromatic Rings";"Structure Type";"Inorganic Flag";"Heavy Atoms";"HBA (Lipinski)";"HBD (Lipinski)";"#RO5 Violations (Lipinski)";"Molecular Weight (Monoisotopic)";"Np Likeness Score";"Molecular Species";"Molecular Formula";"Smiles";"Inchi Key";"Inchi";"Withdrawn Flag";"Orphan"
"CHEMBL3965944";"";"";"Small molecule";"";"600.85";"1";"4";"-1.04";"261.44";"13";"7";"3";"10";"N";"0.13";"0.99";"0.33";"-3.90";"-8.14";"2";"MOL";"-1";"38";"17";"8";"3";"600.0902";"0.54";"ACID";"C18H27ClN6O11P2";"Nc1nc2c(ncn2[C@@H]2O[C@H](COP(=O)(O)CP(=O)(O)O[C@@H]3CC[C@@H](NC(=O)CCl)C3)[C@@H](O)[C@H]2O)c(=O)[nH]1";"WAZVFDDOHLYQLU-XSSYDEOMSA-N";"InChI=1S/C18H27ClN6O11P2/c19-4-11(26)22-8-1-2-9(3-8)36-38(32,33)7-37(30,31)34-5-10-13(27)14(28)17(35-10)25-6-21-12-15(25)23-18(20)24-16(12)29/h6,8-10,13-14,17,27-28H,1-5,7H2,(H,22,26)(H,30,31)(H,32,33)(H3,20,23,24,29)/t8-,9-,10-,13-,14-,17-/m1/s1";"False";"-1"
"CHEMBL3917821";"";"";"Small molecule";"";"353.44";"1";"1";"3.84";"55.40";"3";"1";"0";"7";"N";"0.66";"10.12";"None";"4.17";"4.17";"3";"MOL";"-1";"25";"4";"1";"0";"353.1086";"-0.87";"NEUTRAL";"C20H19NO3S";"C=Cc1ccccc1S(=O)(=O)NCCOc1ccc2ccccc2c1";"JVWOJYSJVMQZDX-UHFFFAOYSA-N";"InChI=1S/C20H19NO3S/c1-2-16-7-5-6-10-20(16)25(22,23)21-13-14-24-19-12-11-17-8-3-4-9-18(17)15-19/h2-12,15,21H,1,13-14H2";"False";"-1"
"CHEMBL221032";"";"";"Small molecule";"";"338.40";"8";"20";"5.69";"44.76";"4";"0";"1";"5";"N";"0.44";"13.78";"None";"5.80";"5.80";"2";"MOL";"-1";"25";"4";"0";"1";"338.1518";"0.99";"NEUTRAL";"C21H22O4";"CCCCCCc1c2c(c(C)c3c1Oc1ccccc1O3)C(=O)OC2";"KWAIIBZOPCPVPW-UHFFFAOYSA-N";"InChI=1S/C21H22O4/c1-3-4-5-6-9-14-15-12-23-21(22)18(15)13(2)19-20(14)25-17-11-8-7-10-16(17)24-19/h7-8,10-11H,3-6,9,12H2,1-2H3";"False";"-1"
"CHEMBL2086791";"";"";"Small molecule";"";"248.29";"2";"3";"3.03";"57.36";"2";"2";"0";"2";"N";"0.57";"10.98";"5.58";"2.10";"2.09";"4";"MOL";"-1";"19";"4";"2";"0";"248.1062";"-0.95";"NEUTRAL";"C15H12N4";"c1ccc2c(Cc3nc4ccncc4[nH]3)c[nH]c2c1";"IYXGZEZOEUQOLV-UHFFFAOYSA-N";"InChI=1S/C15H12N4/c1-2-4-12-11(3-1)10(8-17-12)7-15-18-13-5-6-16-9-14(13)19-15/h1-6,8-9,17H,7H2,(H,18,19)";"False";"-1"
"CHEMBL221748";"";"";"Small molecule";"";"354.40";"10";"27";"5.30";"53.99";"5";"0";"1";"5";"N";"0.46";"13.78";"None";"5.20";"5.20";"2";"MOL";"-1";"26";"5";"0";"1";"354.1467";"0.93";"NEUTRAL";"C21H22O5";"CCCCCc1c2c(c(C)c3c1C(=O)OC3)Oc1ccc(OC)cc1O2";"DGPQFCZGLHJJBK-UHFFFAOYSA-N";"InChI=1S/C21H22O5/c1-4-5-6-7-14-18-15(11-24-21(18)22)12(2)19-20(14)26-17-10-13(23-3)8-9-16(17)25-19/h8-10H,4-7,11H2,1-3H3";"False";"-1"
"CHEMBL4091553";"";"";"Small molecule";"";"2575.09";"4";"11";"None";"None";"None";"None";"None";"None";"None";"None";"None";"None";"None";"None";"None";"MOL";"-1";"None";"None";"None";"None";"2573.3921";"None";"None";"C109H184N44O25S2";"CC[C@H](C)[C@@H]1NC(=O)[C@H](Cc2ccc(O)cc2)NC(=O)[C@H](CC(C)C)NC(=O)[C@@H]2CCCN2C(=O)[C@@H](NC(=O)[C@H](CCCNC(=N)N)NC(=O)[C@H](CCCNC(=N)N)NC(=O)[C@H](CCCNC(=N)N)NC(=O)[C@H](CCCNC(=N)N)NC(C)=O)CSCSC[C@@H](C(=O)N[C@@H](CCCNC(=N)N)C(=O)N[C@@H](CCCNC(=N)N)C(=O)N[C@@H](CCCNC(=N)N)C(=O)N[C@@H](CCCNC(=N)N)C(N)=O)NC(=O)[C@H](C(C)C)NC(=O)[C@@H]2CCCN2C(=O)[C@H](CC(=O)O)NC(=O)[C@H](Cc2ccc(O)cc2)NC(=O)[C@H](CO)NC1=O";"GZYPMISCHHGDPH-XYPRFZJKSA-N";"InChI=1S/C109H184N44O25S2/c1-8-57(6)82-99(176)147-75(51-154)94(171)144-72(48-59-29-33-61(156)34-30-59)92(169)146-74(50-80(158)159)100(177)152-45-18-28-79(152)97(174)150-81(56(4)5)98(175)148-76(95(172)142-69(25-15-43-133-108(123)124)89(166)140-67(23-13-41-131-106(119)120)87(164)138-65(21-11-39-129-104(115)116)85(162)136-63(83(110)160)19-9-37-127-102(111)112)52-179-54-180-53-77(101(178)153-46-17-27-78(153)96(173)145-71(47-55(2)3)91(168)143-73(93(170)151-82)49-60-31-35-62(157)36-32-60)149-90(167)70(26-16-44-134-109(125)126)141-88(165)68(24-14-42-132-107(121)122)139-86(163)66(22-12-40-130-105(117)118)137-84(161)64(135-58(7)155)20-10-38-128-103(113)114/h29-36,55-57,63-79,81-82,154,156-157H,8-28,37-54H2,1-7H3,(H2,110,160)(H,135,155)(H,136,162)(H,137,161)(H,138,164)(H,139,163)(H,140,166)(H,141,165)(H,142,172)(H,143,168)(H,144,171)(H,145,173)(H,146,169)(H,147,176)(H,148,175)(H,149,167)(H,150,174)(H,151,170)(H,158,159)(H4,111,112,127)(H4,113,114,128)(H4,115,116,129)(H4,117,118,130)(H4,119,120,131)(H4,121,122,132)(H4,123,124,133)(H4,125,126,134)/t57-,63-,64-,65-,66-,67-,68-,69-,70-,71-,72-,73-,74-,75-,76-,77-,78-,79-,81-,82-/m0/s1";"False";"-1"
"CHEMBL221375";"";"";"Small molecule";"";"354.40";"10";"18";"5.30";"53.99";"5";"0";"1";"5";"N";"0.46";"13.78";"None";"5.20";"5.20";"2";"MOL";"-1";"26";"5";"0";"1";"354.1467";"1.01";"NEUTRAL";"C21H22O5";"CCCCCc1c2c(c(C)c3c1Oc1cc(OC)ccc1O3)C(=O)OC2";"GKUDDYWGOXVUJI-UHFFFAOYSA-N";"InChI=1S/C21H22O5/c1-4-5-6-7-14-15-11-24-21(22)18(15)12(2)19-20(14)26-17-10-13(23-3)8-9-16(17)25-19/h8-10H,4-7,11H2,1-3H3";"False";"-1"
"CHEMBL220639";"";"";"Small molecule";"";"324.38";"10";"34";"5.30";"44.76";"4";"0";"1";"4";"N";"0.48";"13.78";"None";"5.36";"5.36";"2";"MOL";"-1";"24";"4";"0";"1";"324.1362";"0.90";"NEUTRAL";"C20H20O4";"CCCCCc1c2c(c(C)c3c1C(=O)OC3)Oc1ccccc1O2";"FBQUOYHNVRSJCW-UHFFFAOYSA-N";"InChI=1S/C20H20O4/c1-3-4-5-8-13-17-14(11-22-20(17)21)12(2)18-19(13)24-16-10-7-6-9-15(16)23-18/h6-7,9-10H,3-5,8,11H2,1-2H3";"False";"-1"
"CHEMBL3981450";"";"";"Small molecule";"";"510.90";"1";"2";"-2.81";"226.58";"13";"7";"3";"10";"N";"0.08";"10.16";"0.44";"-3.21";"-3.21";"3";"MOL";"-1";"35";"15";"8";"3";"510.1378";"0.14";"NEUTRAL";"C19H23ClN8O7";"Nc1nc2c(ncn2[C@@H]2O[C@H](CNc3c(NCCCNC(=O)CCl)c(=O)c3=O)[C@@H](O)[C@H]2O)c(=O)[nH]1";"CHVXHPDORJBIJL-BCBMOPGPSA-N";"InChI=1S/C19H23ClN8O7/c20-4-8(29)22-2-1-3-23-9-10(14(32)13(9)31)24-5-7-12(30)15(33)18(35-7)28-6-25-11-16(28)26-19(21)27-17(11)34/h6-7,12,15,18,23-24,30,33H,1-5H2,(H,22,29)(H3,21,26,27,34)/t7-,12-,15-,18-/m1/s1";"False";"-1"
"CHEMBL3963141";"";"";"Small molecule";"";"352.46";"1";"1";"3.87";"58.20";"3";"2";"0";"7";"N";"0.63";"10.12";"3.93";"3.80";"3.80";"3";"MOL";"-1";"25";"4";"2";"0";"352.1245";"-1.12";"NEUTRAL";"C20H20N2O2S";"C=Cc1ccccc1S(=O)(=O)NCCNc1cccc2ccccc12";"KFQOANKDUTYZKS-UHFFFAOYSA-N";"InChI=1S/C20H20N2O2S/c1-2-16-8-4-6-13-20(16)25(23,24)22-15-14-21-19-12-7-10-17-9-3-5-11-18(17)19/h2-13,21-22H,1,14-15H2";"False";"-1"
"CHEMBL2086790";"";"SCH-53870";"Small molecule";"";"358.42";"3";"3";"3.00";"87.66";"5";"3";"0";"7";"N";"0.45";"10.68";"3.48";"2.94";"2.94";"3";"MOL";"-1";"25";"6";"3";"0";"358.0987";"-0.91";"NEUTRAL";"C18H18N2O4S";"O=S(=O)(NCCOc1ccc2ccccc2c1)c1ccc(NO)cc1";"WPPIAVCIUZNQCQ-UHFFFAOYSA-N";"InChI=1S/C18H18N2O4S/c21-20-16-6-9-18(10-7-16)25(22,23)19-11-12-24-17-8-5-14-3-1-2-4-15(14)13-17/h1-10,13,19-21H,11-12H2";"False";"-1"
"CHEMBL598038";"";"";"Small molecule";"";"343.34";"22";"41";"3.52";"87.90";"6";"0";"0";"7";"N";"0.33";"None";"None";"3.36";"3.36";"2";"MOL";"-1";"25";"7";"0";"0";"343.1056";"-0.31";"NEUTRAL";"C18H17NO6";"COc1cc(/C=C/C(=O)c2ccc([N+](=O)[O-])cc2)cc(OC)c1OC";"BYKMGEQBYKFXLS-RUDMXATFSA-N";"InChI=1S/C18H17NO6/c1-23-16-10-12(11-17(24-2)18(16)25-3)4-9-15(20)13-5-7-14(8-6-13)19(21)22/h4-11H,1-3H3/b9-4+";"False";"-1"
"CHEMBL76398";"";"4,4'-Hydroxybiphenyl";"Small molecule";"";"186.21";"16";"20";"2.76";"40.46";"2";"2";"0";"1";"Y";"0.72";"9.64";"None";"3.01";"3.01";"2";"MOL";"-1";"14";"2";"2";"0";"186.0681";"0.24";"NEUTRAL";"C12H10O2";"Oc1ccc(-c2ccc(O)cc2)cc1";"VCCBEIPGXKNHFW-UHFFFAOYSA-N";"InChI=1S/C12H10O2/c13-11-5-1-9(2-6-11)10-3-7-12(14)8-4-10/h1-8,13-14H";"False";"-1"
"CHEMBL373804";"";"";"Small molecule";"";"310.35";"72";"219";"4.91";"44.76";"4";"0";"0";"3";"N";"0.65";"13.78";"None";"4.92";"4.92";"2";"MOL";"-1";"23";"4";"0";"0";"310.1205";"0.84";"NEUTRAL";"C19H18O4";"CCCCc1c2c(c(C)c3c1C(=O)OC3)Oc1ccccc1O2";"ZTNQKZGZTJFNGV-UHFFFAOYSA-N";"InChI=1S/C19H18O4/c1-3-4-7-12-16-13(10-21-19(16)20)11(2)17-18(12)23-15-9-6-5-8-14(15)22-17/h5-6,8-9H,3-4,7,10H2,1-2H3";"False";"-1"
"CHEMBL3932270";"";"";"Small molecule";"";"445.54";"1";"1";"2.11";"94.09";"6";"2";"0";"9";"N";"0.61";"10.26";"None";"2.45";"2.45";"2";"MOL";"-1";"31";"7";"2";"0";"445.1559";"0.42";"NEUTRAL";"C23H27NO6S";"C=Cc1ccc(S(=O)(=O)NC[C@H]2C[C@@H]3O[C@H](CO)[C@@H](OCc4ccccc4)[C@@H]3O2)cc1";"DZYKLFDQPZJAEY-OOWPADAASA-N";"InChI=1S/C23H27NO6S/c1-2-16-8-10-19(11-9-16)31(26,27)24-13-18-12-20-23(29-18)22(21(14-25)30-20)28-15-17-6-4-3-5-7-17/h2-11,18,20-25H,1,12-15H2/t18-,20+,21-,22-,23-/m1/s1";"False";"-1"
"CHEMBL3914971";"";"";"Small molecule";"";"445.54";"1";"1";"2.11";"94.09";"6";"2";"0";"9";"N";"0.61";"10.12";"None";"2.45";"2.45";"2";"MOL";"-1";"31";"7";"2";"0";"445.1559";"0.49";"NEUTRAL";"C23H27NO6S";"C=Cc1ccccc1S(=O)(=O)NC[C@H]1C[C@@H]2O[C@H](CO)[C@@H](OCc3ccccc3)[C@@H]2O1";"AKQTWWLWVXWDCR-QGAVKGNSSA-N";"InChI=1S/C23H27NO6S/c1-2-17-10-6-7-11-21(17)31(26,27)24-13-18-12-19-23(29-18)22(20(14-25)30-19)28-15-16-8-4-3-5-9-16/h2-11,18-20,22-25H,1,12-15H2/t18-,19+,20-,22-,23-/m1/s1";"False";"-1"
"CHEMBL3218639";"";"";"Small molecule";"";"1416.64";"1";"1";"None";"None";"None";"None";"None";"None";"None";"None";"None";"None";"None";"None";"None";"MOL";"-1";"None";"None";"None";"None";"1415.6914";"None";"None";"C75H93N13O15";"CC1(C)COC(=O)[C@H](Cc2ccccc2)NC(=O)[C@H](CCCNC(=N)N)NC(=O)[C@H](Cc2ccc(O)cc2)NC(=O)[C@@H]2CCCN2C(=O)[C@H](Cc2ccc(O)cc2)NC(=O)[C@@H](Cc2ccccc2)NC(=O)[C@H](CCC(N)=O)NC(=O)C[C@@H](CCc2ccccc2)NC(=O)[C@@H]2CCCCN2C(=O)C1=O";"NEDGSOBGOBZWSZ-AVVBXYNESA-N";"InChI=1S/C75H93N13O15/c1-75(2)45-103-73(102)59(43-48-20-10-5-11-21-48)86-65(94)54(22-14-37-79-74(77)78)82-67(96)57(41-49-26-31-52(89)32-27-49)84-70(99)61-24-15-39-87(61)71(100)58(42-50-28-33-53(90)34-29-50)85-68(97)56(40-47-18-8-4-9-19-47)83-66(95)55(35-36-62(76)91)81-63(92)44-51(30-25-46-16-6-3-7-17-46)80-69(98)60-23-12-13-38-88(60)72(101)64(75)93/h3-11,16-21,26-29,31-34,51,54-61,89-90H,12-15,22-25,30,35-45H2,1-2H3,(H2,76,91)(H,80,98)(H,81,92)(H,82,96)(H,83,95)(H,84,99)(H,85,97)(H,86,94)(H4,77,78,79)/t51-,54+,55+,56-,57+,58+,59+,60+,61+/m1/s1";"False";"-1"
"CHEMBL2028663";"DABRAFENIB";"DABRAFENIB|GSK-2118436|GSK-2118436A|GSK2118436|GSK2118436A|TAFINLAR";"Small molecule";"4.0";"519.57";"334";"418";"5.36";"110.86";"7";"2";"2";"5";"N";"0.37";"7.16";"2.97";"5.46";"5.10";"4";"MOL";"0";"35";"7";"3";"2";"519.1011";"-1.24";"NEUTRAL";"C23H20F3N5O2S2";"CC(C)(C)c1nc(-c2cccc(NS(=O)(=O)c3c(F)cccc3F)c2F)c(-c2ccnc(N)n2)s1";"BFSMGDJOXZAERB-UHFFFAOYSA-N";"InChI=1S/C23H20F3N5O2S2/c1-23(2,3)21-30-18(19(34-21)16-10-11-28-22(27)29-16)12-6-4-9-15(17(12)26)31-35(32,33)20-13(24)7-5-8-14(20)25/h4-11,31H,1-3H3,(H2,27,28,29)";"False";"0"
"CHEMBL3965434";"";"";"Small molecule";"";"352.46";"1";"1";"3.87";"58.20";"3";"2";"0";"7";"N";"0.63";"10.26";"3.93";"3.80";"3.80";"3";"MOL";"-1";"25";"4";"2";"0";"352.1245";"-1.21";"NEUTRAL";"C20H20N2O2S";"C=Cc1ccc(S(=O)(=O)NCCNc2cccc3ccccc23)cc1";"NJIXORIDWACXCN-UHFFFAOYSA-N";"InChI=1S/C20H20N2O2S/c1-2-16-10-12-18(13-11-16)25(23,24)22-15-14-21-20-9-5-7-17-6-3-4-8-19(17)20/h2-13,21-22H,1,14-15H2";"False";"-1"
"CHEMBL2086794";"";"";"Small molecule";"";"262.32";"1";"2";"3.22";"70.49";"2";"3";"0";"2";"N";"0.49";"12.85";"6.60";"2.49";"2.43";"4";"MOL";"-1";"20";"4";"4";"0";"262.1218";"-0.91";"NEUTRAL";"C16H14N4";"Nc1ccc2nc(Cc3c[nH]c4ccccc34)[nH]c2c1";"MQCPTJRGSFBDQG-UHFFFAOYSA-N";"InChI=1S/C16H14N4/c17-11-5-6-14-15(8-11)20-16(19-14)7-10-9-18-13-4-2-1-3-12(10)13/h1-6,8-9,18H,7,17H2,(H,19,20)";"False";"-1"
"CHEMBL3982443";"";"";"Small molecule";"";"559.88";"1";"4";"-3.25";"261.08";"13";"7";"3";"11";"N";"0.08";"1.02";"0.34";"-4.74";"-6.71";"2";"MOL";"-1";"35";"17";"8";"3";"559.0653";"0.16";"ACID";"C15H23ClN7O10PS";"Nc1nc2c(ncn2[C@@H]2O[C@H](COP(=O)(O)CS(=O)(=O)NCCNC(=O)CCl)[C@@H](O)[C@H]2O)c(=O)[nH]1";"AYYURYDKBCGXDD-FRJWGUMJSA-N";"InChI=1S/C15H23ClN7O10PS/c16-3-8(24)18-1-2-20-35(30,31)6-34(28,29)32-4-7-10(25)11(26)14(33-7)23-5-19-9-12(23)21-15(17)22-13(9)27/h5,7,10-11,14,20,25-26H,1-4,6H2,(H,18,24)(H,28,29)(H3,17,21,22,27)/t7-,10-,11-,14-/m1/s1";"False";"-1"
"CHEMBL3908385";"";"";"Small molecule";"";"277.35";"1";"1";"2.28";"55.40";"3";"1";"0";"6";"N";"0.82";"10.89";"None";"2.05";"2.05";"2";"MOL";"-1";"19";"4";"1";"0";"277.0773";"-0.84";"NEUTRAL";"C14H15NO3S";"C=CS(=O)(=O)NCCOc1cccc2ccccc12";"QCYJGPLMCGPHLJ-UHFFFAOYSA-N";"InChI=1S/C14H15NO3S/c1-2-19(16,17)15-10-11-18-14-9-5-7-12-6-3-4-8-13(12)14/h2-9,15H,1,10-11H2";"False";"-1"
"CHEMBL3974440";"";"";"Small molecule";"";"600.85";"1";"4";"-1.09";"252.65";"13";"6";"3";"9";"N";"0.15";"0.93";"0.32";"-3.84";"-8.04";"2";"MOL";"-1";"38";"17";"7";"3";"600.0902";"0.39";"ACID";"C18H27ClN6O11P2";"Nc1nc2c(ncn2[C@@H]2O[C@H](COP(=O)(O)CP(=O)(O)OC3CCCN(C(=O)CCl)C3)[C@@H](O)[C@H]2O)c(=O)[nH]1";"VDUYXDGBJNJLGB-LQLSJNDNSA-N";"InChI=1S/C18H27ClN6O11P2/c19-4-11(26)24-3-1-2-9(5-24)36-38(32,33)8-37(30,31)34-6-10-13(27)14(28)17(35-10)25-7-21-12-15(25)22-18(20)23-16(12)29/h7,9-10,13-14,17,27-28H,1-6,8H2,(H,30,31)(H,32,33)(H3,20,22,23,29)/t9?,10-,13-,14-,17-/m1/s1";"False";"-1"
"CHEMBL3218641";"";"";"Small molecule";"";"1486.76";"6";"16";"None";"None";"None";"None";"None";"None";"None";"None";"None";"None";"None";"None";"None";"MOL";"-1";"None";"None";"None";"None";"1485.8045";"None";"None";"C74H104FN19O13";"CCCC[C@H]1NC(=O)[C@H](Cc2ccc(F)cc2)NC(=O)[C@H](CCCN=C(N)N)NC(=O)[C@@H](Cc2ccc3ccccc3c2)NC(=O)[C@H](CCCN=C(N)N)NC(=O)[C@H](CCCN=C(N)N)NC(=O)[C@H](CCC(N)=O)NC(=O)C[C@@H](CCc2ccccc2)NC(=O)[C@@H]2CCCCN2C(=O)C(=O)C(C)(C)COC1=O";"MHVHZGCFYPNWOB-ZRRDKFOQSA-N";"InChI=1S/C74H104FN19O13/c1-4-5-20-55-70(106)107-43-74(2,3)61(97)69(105)94-38-12-11-24-58(94)68(104)86-50(32-28-44-16-7-6-8-17-44)42-60(96)87-54(33-34-59(76)95)65(101)89-51(21-13-35-83-71(77)78)62(98)88-52(22-14-36-84-72(79)80)63(99)93-57(41-46-25-29-47-18-9-10-19-48(47)39-46)66(102)90-53(23-15-37-85-73(81)82)64(100)92-56(67(103)91-55)40-45-26-30-49(75)31-27-45/h6-10,16-19,25-27,29-31,39,50-58H,4-5,11-15,20-24,28,32-38,40-43H2,1-3H3,(H2,76,95)(H,86,104)(H,87,96)(H,88,98)(H,89,101)(H,90,102)(H,91,103)(H,92,100)(H,93,99)(H4,77,78,83)(H4,79,80,84)(H4,81,82,85)/t50-,51+,52+,53+,54+,55-,56+,57-,58+/m1/s1";"False";"-1"
"CHEMBL3961855";"";"";"Small molecule";"";"560.78";"1";"4";"-1.96";"261.44";"13";"7";"3";"11";"N";"0.09";"0.94";"0.32";"-4.50";"-8.71";"2";"MOL";"-1";"35";"17";"8";"3";"560.0589";"0.44";"ACID";"C15H23ClN6O11P2";"Nc1nc2c(ncn2[C@@H]2O[C@H](COP(=O)(O)CP(=O)(O)OCCNC(=O)CCl)[C@@H](O)[C@H]2O)c(=O)[nH]1";"IQLLUKGPJWOOLE-FRJWGUMJSA-N";"InChI=1S/C15H23ClN6O11P2/c16-3-8(23)18-1-2-31-34(27,28)6-35(29,30)32-4-7-10(24)11(25)14(33-7)22-5-19-9-12(22)20-15(17)21-13(9)26/h5,7,10-11,14,24-25H,1-4,6H2,(H,18,23)(H,27,28)(H,29,30)(H3,17,20,21,26)/t7-,10-,11-,14-/m1/s1";"False";"-1"
"CHEMBL471655";"";"";"Small molecule";"";"313.35";"8";"11";"3.19";"70.78";"5";"1";"0";"6";"N";"0.50";"None";"3.03";"2.59";"2.59";"2";"MOL";"-1";"23";"5";"2";"0";"313.1314";"0.15";"NEUTRAL";"C18H19NO4";"COc1cc(/C=C/C(=O)c2ccc(N)cc2)cc(OC)c1OC";"HORVIDXMQQVQAS-RUDMXATFSA-N";"InChI=1S/C18H19NO4/c1-21-16-10-12(11-17(22-2)18(16)23-3)4-9-15(20)13-5-7-14(19)8-6-13/h4-11H,19H2,1-3H3/b9-4+";"False";"-1"
"CHEMBL2086796";"";"";"Small molecule";"";"359.43";"2";"6";"3.33";"85.60";"3";"4";"0";"4";"N";"0.45";"11.94";"9.45";"2.68";"0.63";"4";"MOL";"-1";"27";"6";"4";"0";"359.1746";"-1.14";"BASE";"C21H21N5O";"O=C(Nc1ccc2nc(Cc3c[nH]c4ccccc34)[nH]c2c1)[C@@H]1CCCN1";"FSUGJBWDOIVSMH-SFHVURJKSA-N";"InChI=1S/C21H21N5O/c27-21(18-6-3-9-22-18)24-14-7-8-17-19(11-14)26-20(25-17)10-13-12-23-16-5-2-1-4-15(13)16/h1-2,4-5,7-8,11-12,18,22-23H,3,6,9-10H2,(H,24,27)(H,25,26)/t18-/m0/s1";"False";"-1"
"CHEMBL3218643";"";"";"Small molecule";"";"1335.62";"1";"1";"None";"None";"None";"None";"None";"None";"None";"None";"None";"None";"None";"None";"None";"MOL";"-1";"None";"None";"None";"None";"1334.7499";"None";"None";"C67H98N16O13";"CC(C)C[C@@H]1NC(=O)[C@@H](Cc2ccc3ccccc3c2)NC(=O)[C@H](CCCNC(=N)N)NC(=O)[C@@H](C(C)C)NC(=O)[C@H](CCCNC(=N)N)NC(=O)[C@H](C)NC(=O)[C@H](CCC(N)=O)NC(=O)C[C@@H](CCc2ccccc2)NC(=O)[C@@H]2CCCCN2C(=O)C(=O)C(C)(C)COC1=O";"OCDNBXLOIRPJBB-FRJDTMARSA-N";"InChI=1S/C67H98N16O13/c1-38(2)33-50-64(95)96-37-67(6,7)55(86)63(94)83-32-14-13-23-51(83)61(92)76-45(27-25-41-17-9-8-10-18-41)36-53(85)77-48(28-29-52(68)84)57(88)75-40(5)56(87)78-47(22-16-31-74-66(71)72)59(90)82-54(39(3)4)62(93)79-46(21-15-30-73-65(69)70)58(89)80-49(60(91)81-50)35-42-24-26-43-19-11-12-20-44(43)34-42/h8-12,17-20,24,26,34,38-40,45-51,54H,13-16,21-23,25,27-33,35-37H2,1-7H3,(H2,68,84)(H,75,88)(H,76,92)(H,77,85)(H,78,87)(H,79,93)(H,80,89)(H,81,91)(H,82,90)(H4,69,70,73)(H4,71,72,74)/t40-,45+,46-,47-,48-,49+,50-,51-,54+/m0/s1";"False";"-1"
"CHEMBL306226";"BENZIMIDAZOLE";"1H-Benzimidazole|1H-Benzo[D]Imidazole|1H-Benzoimidazole|BENZIMIDAZOLE|NSC-759";"Small molecule";"-1.0";"118.14";"31";"95";"1.56";"28.68";"1";"1";"0";"0";"Y";"0.56";"12.25";"5.79";"1.26";"1.25";"2";"MOL";"0";"9";"2";"1";"0";"118.0531";"-1.21";"NEUTRAL";"C7H6N2";"c1ccc2[nH]cnc2c1";"HYZJCKYKOHLVJF-UHFFFAOYSA-N";"InChI=1S/C7H6N2/c1-2-4-7-6(3-1)8-5-9-7/h1-5H,(H,8,9)";"False";"0"
"CHEMBL425471";"";"";"Small molecule";"";"310.35";"8";"19";"4.91";"44.76";"4";"0";"0";"3";"N";"0.65";"13.78";"None";"4.92";"4.92";"2";"MOL";"-1";"23";"4";"0";"0";"310.1205";"0.93";"NEUTRAL";"C19H18O4";"CCCCc1c2c(c(C)c3c1Oc1ccccc1O3)C(=O)OC2";"LIBSORWPVZWPJK-UHFFFAOYSA-N";"InChI=1S/C19H18O4/c1-3-4-7-12-13-10-21-19(20)16(13)11(2)17-18(12)23-15-9-6-5-8-14(15)22-17/h5-6,8-9H,3-4,7,10H2,1-2H3";"False";"-1"
"CHEMBL418971";"BISPHENOL A";"";"Small molecule";"";"228.29";"155";"1255";"3.42";"40.46";"2";"2";"0";"2";"N";"0.83";"9.78";"None";"4.04";"4.04";"2";"MOL";"-1";"17";"2";"2";"0";"228.1150";"0.07";"NEUTRAL";"C15H16O2";"CC(C)(c1ccc(O)cc1)c1ccc(O)cc1";"IISBACLAFKSPIT-UHFFFAOYSA-N";"InChI=1S/C15H16O2/c1-15(2,11-3-7-13(16)8-4-11)12-5-9-14(17)10-6-12/h3-10,16-17H,1-2H3";"False";"-1"
"CHEMBL187437";"";"";"Small molecule";"";"328.36";"72";"90";"3.62";"53.99";"5";"0";"0";"7";"N";"0.57";"None";"None";"3.26";"3.26";"2";"MOL";"-1";"24";"5";"0";"0";"328.1311";"0.07";"NEUTRAL";"C19H20O5";"COc1ccc(C(=O)/C=C/c2cc(OC)c(OC)c(OC)c2)cc1";"XJYIPYGBDWACTE-BJMVGYQFSA-N";"InChI=1S/C19H20O5/c1-21-15-8-6-14(7-9-15)16(20)10-5-13-11-17(22-2)19(24-4)18(12-13)23-3/h5-12H,1-4H3/b10-5+";"False";"-1"
"CHEMBL3897666";"";"";"Small molecule";"";"586.82";"1";"4";"-1.48";"252.65";"13";"6";"3";"9";"N";"0.14";"0.91";"0.32";"-4.32";"-8.52";"2";"MOL";"-1";"37";"17";"7";"3";"586.0745";"0.33";"ACID";"C17H25ClN6O11P2";"Nc1nc2c(ncn2[C@@H]2O[C@H](COP(=O)(O)CP(=O)(O)OC3CCN(C(=O)CCl)C3)[C@@H](O)[C@H]2O)c(=O)[nH]1";"LJTMPXPZQSNWRF-WTBWQYLWSA-N";"InChI=1S/C17H25ClN6O11P2/c18-3-10(25)23-2-1-8(4-23)35-37(31,32)7-36(29,30)33-5-9-12(26)13(27)16(34-9)24-6-20-11-14(24)21-17(19)22-15(11)28/h6,8-9,12-13,16,26-27H,1-5,7H2,(H,29,30)(H,31,32)(H3,19,21,22,28)/t8?,9-,12-,13-,16-/m1/s1";"False";"-1"
"CHEMBL4074790";"";"";"Small molecule";"";"2517.05";"2";"12";"None";"None";"None";"None";"None";"None";"None";"None";"None";"None";"None";"None";"None";"MOL";"-1";"None";"None";"None";"None";"2515.3866";"None";"None";"C107H182N44O23S2";"CC[C@H](C)[C@@H]1NC(=O)[C@H](Cc2ccc(O)cc2)NC(=O)[C@H](CC(C)C)NC(=O)[C@@H]2CCCN2C(=O)[C@@H](NC(=O)[C@H](CCCNC(=N)N)NC(=O)[C@H](CCCNC(=N)N)NC(=O)[C@H](CCCNC(=N)N)NC(=O)[C@H](CCCNC(=N)N)NC(C)=O)CSSC[C@@H](C(=O)N[C@@H](CCCNC(=N)N)C(=O)N[C@@H](CCCNC(=N)N)C(=O)N[C@@H](CCCNC(=N)N)C(=O)N[C@@H](CCCNC(=N)N)C(N)=O)NC(=O)[C@H](C(C)C)NC(=O)[C@@H]2CCCN2C(=O)[C@H](C)NC(=O)[C@H](Cc2ccc(O)cc2)NC(=O)[C@H](CO)NC1=O";"BNIKUQVBVMIHAO-SQYYYKBQSA-N";"InChI=1S/C107H182N44O23S2/c1-9-56(6)80-97(172)145-74(51-152)92(167)143-72(49-59-30-34-61(154)35-31-59)89(164)133-57(7)98(173)150-46-18-29-78(150)95(170)148-79(55(4)5)96(171)146-75(93(168)141-69(26-16-44-131-106(121)122)87(162)139-67(24-14-42-129-104(117)118)85(160)137-65(22-12-40-127-102(113)114)83(158)135-63(81(108)156)20-10-38-125-100(109)110)52-175-176-53-76(99(174)151-47-19-28-77(151)94(169)144-71(48-54(2)3)90(165)142-73(91(166)149-80)50-60-32-36-62(155)37-33-60)147-88(163)70(27-17-45-132-107(123)124)140-86(161)68(25-15-43-130-105(119)120)138-84(159)66(23-13-41-128-103(115)116)136-82(157)64(134-58(8)153)21-11-39-126-101(111)112/h30-37,54-57,63-80,152,154-155H,9-29,38-53H2,1-8H3,(H2,108,156)(H,133,164)(H,134,153)(H,135,158)(H,136,157)(H,137,160)(H,138,159)(H,139,162)(H,140,161)(H,141,168)(H,142,165)(H,143,167)(H,144,169)(H,145,172)(H,146,171)(H,147,163)(H,148,170)(H,149,166)(H4,109,110,125)(H4,111,112,126)(H4,113,114,127)(H4,115,116,128)(H4,117,118,129)(H4,119,120,130)(H4,121,122,131)(H4,123,124,132)/t56-,57-,63-,64-,65-,66-,67-,68-,69-,70-,71-,72-,73-,74-,75-,76-,77-,78-,79-,80-/m0/s1";"False";"-1"
"CHEMBL4089137";"";"";"Small molecule";"";"2656.12";"2";"6";"None";"None";"None";"None";"None";"None";"None";"None";"None";"None";"None";"None";"None";"MOL";"-1";"None";"None";"None";"None";"2654.3771";"None";"None";"C112H183N45O27S2";"CC[C@H](C)[C@@H]1NC(=O)[C@H](Cc2ccc(O)cc2)NC(=O)[C@H](CC(C)C)NC(=O)[C@@H]2CCCN2C(=O)[C@@H](NC(=O)[C@H](CCCNC(=N)N)NC(=O)[C@H](CCCNC(=N)N)NC(=O)[C@H](CCCNC(=N)N)NC(=O)[C@H](CCCNC(=N)N)NC(C)=O)CSC2=C(SC[C@@H](C(=O)N[C@@H](CCCNC(=N)N)C(=O)N[C@@H](CCCNC(=N)N)C(=O)N[C@@H](CCCNC(=N)N)C(=O)N[C@@H](CCCNC(=N)N)C(N)=O)NC(=O)[C@H](C(C)C)NC(=O)[C@@H]3CCCN3C(=O)[C@H](CC(=O)O)NC(=O)[C@H](Cc3ccc(O)cc3)NC(=O)[C@H](CO)NC1=O)C(=O)NC2=O";"ZOZLCFOXXNTLOT-WVEXBLHFSA-N";"InChI=1S/C112H183N45O27S2/c1-8-56(6)81-100(180)150-74(51-158)95(175)147-71(48-58-29-33-60(160)34-30-58)93(173)149-73(50-79(162)163)103(183)156-45-18-28-78(156)98(178)153-80(55(4)5)99(179)151-75(96(176)145-68(25-15-43-136-111(126)127)90(170)143-66(23-13-41-134-109(122)123)88(168)141-64(21-11-39-132-107(118)119)86(166)139-62(84(113)164)19-9-37-130-105(114)115)52-185-82-83(102(182)155-101(82)181)186-53-76(104(184)157-46-17-27-77(157)97(177)148-70(47-54(2)3)92(172)146-72(94(174)154-81)49-59-31-35-61(161)36-32-59)152-91(171)69(26-16-44-137-112(128)129)144-89(169)67(24-14-42-135-110(124)125)142-87(167)65(22-12-40-133-108(120)121)140-85(165)63(138-57(7)159)20-10-38-131-106(116)117/h29-36,54-56,62-78,80-81,158,160-161H,8-28,37-53H2,1-7H3,(H2,113,164)(H,138,159)(H,139,166)(H,140,165)(H,141,168)(H,142,167)(H,143,170)(H,144,169)(H,145,176)(H,146,172)(H,147,175)(H,148,177)(H,149,173)(H,150,180)(H,151,179)(H,152,171)(H,153,178)(H,154,174)(H,162,163)(H4,114,115,130)(H4,116,117,131)(H4,118,119,132)(H4,120,121,133)(H4,122,123,134)(H4,124,125,135)(H4,126,127,136)(H4,128,129,137)(H,155,181,182)/t56-,62-,63-,64-,65-,66-,67-,68-,69-,70-,71-,72-,73-,74-,75-,76-,77-,78-,80-,81-/m0/s1";"False";"-1"
"CHEMBL4070657";"";"";"Small molecule";"";"2533.01";"2";"6";"None";"None";"None";"None";"None";"None";"None";"None";"None";"None";"None";"None";"None";"MOL";"-1";"None";"None";"None";"None";"2531.3451";"None";"None";"C106H178N44O25S2";"CC[C@H](C)[C@@H]1NC(=O)[C@H](Cc2ccc(O)cc2)NC(=O)[C@H](CC(C)C)NC(=O)[C@@H]2CCCN2C(=O)[C@@H](NC(=O)[C@H](CCCNC(=N)N)NC(=O)[C@H](CCCNC(=N)N)NC(=O)[C@H](CCCNC(=N)N)NC(=O)[C@H](CCCNC(=N)N)NC(C)=O)CSSC[C@@H](C(=O)N[C@@H](CCCNC(=N)N)C(=O)N[C@@H](CCCNC(=N)N)C(=O)N[C@@H](CCCNC(=N)N)C(=O)N[C@@H](CCCNC(=N)N)C(N)=O)NC(=O)[C@H](C)NC(=O)[C@@H]2CCCN2C(=O)[C@H](CC(=O)O)NC(=O)[C@H](Cc2ccc(O)cc2)NC(=O)[C@H](CO)NC1=O";"YYWLOBAEEQJZPB-DQGKMOIXSA-N";"InChI=1S/C106H178N44O25S2/c1-7-54(4)79-96(173)145-73(50-151)92(169)142-70(47-57-28-32-59(153)33-29-57)90(167)144-72(49-78(155)156)97(174)149-44-16-26-76(149)94(171)132-55(5)81(158)146-74(93(170)140-67(24-14-42-130-105(120)121)87(164)138-65(22-12-40-128-103(116)117)85(162)136-63(20-10-38-126-101(112)113)83(160)134-61(80(107)157)18-8-36-124-99(108)109)51-176-177-52-75(98(175)150-45-17-27-77(150)95(172)143-69(46-53(2)3)89(166)141-71(91(168)148-79)48-58-30-34-60(154)35-31-58)147-88(165)68(25-15-43-131-106(122)123)139-86(163)66(23-13-41-129-104(118)119)137-84(161)64(21-11-39-127-102(114)115)135-82(159)62(133-56(6)152)19-9-37-125-100(110)111/h28-35,53-55,61-77,79,151,153-154H,7-27,36-52H2,1-6H3,(H2,107,157)(H,132,171)(H,133,152)(H,134,160)(H,135,159)(H,136,162)(H,137,161)(H,138,164)(H,139,163)(H,140,170)(H,141,166)(H,142,169)(H,143,172)(H,144,167)(H,145,173)(H,146,158)(H,147,165)(H,148,168)(H,155,156)(H4,108,109,124)(H4,110,111,125)(H4,112,113,126)(H4,114,115,127)(H4,116,117,128)(H4,118,119,129)(H4,120,121,130)(H4,122,123,131)/t54-,55-,61-,62-,63-,64-,65-,66-,67-,68-,69-,70-,71-,72-,73-,74-,75-,76-,77-,79-/m0/s1";"False";"-1"
"CHEMBL4060952";"";"";"Small molecule";"";"2665.21";"2";"6";"None";"None";"None";"None";"None";"None";"None";"None";"None";"None";"None";"None";"None";"MOL";"-1";"None";"None";"None";"None";"2663.4390";"None";"None";"C116H190N44O25S2";"CC[C@H](C)[C@@H]1NC(=O)[C@H](Cc2ccc(O)cc2)NC(=O)[C@H](CC(C)C)NC(=O)[C@@H]2CCCN2C(=O)[C@@H](NC(=O)[C@H](CCCNC(=N)N)NC(=O)[C@H](CCCNC(=N)N)NC(=O)[C@H](CCCNC(=N)N)NC(=O)[C@H](CCCNC(=N)N)NC(C)=O)CSCc2ccccc2CSC[C@@H](C(=O)N[C@@H](CCCNC(=N)N)C(=O)N[C@@H](CCCNC(=N)N)C(=O)N[C@@H](CCCNC(=N)N)C(=O)N[C@@H](CCCNC(=N)N)C(N)=O)NC(=O)[C@H](C(C)C)NC(=O)[C@@H]2CCCN2C(=O)[C@H](CC(=O)O)NC(=O)[C@H](Cc2ccc(O)cc2)NC(=O)[C@H](CO)NC1=O";"NUVGHJLAIHWGGS-YWWMHXMPSA-N";"InChI=1S/C116H190N44O25S2/c1-8-62(6)89-106(183)154-82(55-161)101(178)151-79(52-64-33-37-68(163)38-34-64)99(176)153-81(54-87(165)166)107(184)159-49-20-32-86(159)104(181)157-88(61(4)5)105(182)155-83(102(179)149-76(29-17-47-140-115(130)131)96(173)147-74(27-15-45-138-113(126)127)94(171)145-72(25-13-43-136-111(122)123)92(169)143-70(90(117)167)23-11-41-134-109(118)119)58-186-56-66-21-9-10-22-67(66)57-187-59-84(108(185)160-50-19-31-85(160)103(180)152-78(51-60(2)3)98(175)150-80(100(177)158-89)53-65-35-39-69(164)40-36-65)156-97(174)77(30-18-48-141-116(132)133)148-95(172)75(28-16-46-139-114(128)129)146-93(170)73(26-14-44-137-112(124)125)144-91(168)71(142-63(7)162)24-12-42-135-110(120)121/h9-10,21-22,33-40,60-62,70-86,88-89,161,163-164H,8,11-20,23-32,41-59H2,1-7H3,(H2,117,167)(H,142,162)(H,143,169)(H,144,168)(H,145,171)(H,146,170)(H,147,173)(H,148,172)(H,149,179)(H,150,175)(H,151,178)(H,152,180)(H,153,176)(H,154,183)(H,155,182)(H,156,174)(H,157,181)(H,158,177)(H,165,166)(H4,118,119,134)(H4,120,121,135)(H4,122,123,136)(H4,124,125,137)(H4,126,127,138)(H4,128,129,139)(H4,130,131,140)(H4,132,133,141)/t62-,70-,71-,72-,73-,74-,75-,76-,77-,78-,79-,80-,81-,82-,83-,84-,85-,86-,88-,89-/m0/s1";"False";"-1"
"CHEMBL3933889";"";"";"Small molecule";"";"353.44";"1";"1";"3.84";"55.40";"3";"1";"0";"7";"N";"0.66";"10.13";"None";"4.17";"4.17";"3";"MOL";"-1";"25";"4";"1";"0";"353.1086";"-1.00";"NEUTRAL";"C20H19NO3S";"C=Cc1cccc(S(=O)(=O)NCCOc2ccc3ccccc3c2)c1";"NAWRRYDZYIOCGS-UHFFFAOYSA-N";"InChI=1S/C20H19NO3S/c1-2-16-6-5-9-20(14-16)25(22,23)21-12-13-24-19-11-10-17-7-3-4-8-18(17)15-19/h2-11,14-15,21H,1,12-13H2";"False";"-1"
"CHEMBL3969874";"";"";"Small molecule";"";"423.51";"1";"1";"3.02";"66.02";"5";"1";"0";"10";"N";"0.60";"None";"None";"3.23";"3.23";"2";"MOL";"-1";"31";"6";"1";"0";"423.2046";"0.56";"NEUTRAL";"C25H29NO5";"C=CC(=O)NC[C@H]1C[C@@H]2O[C@H](COCc3ccccc3)[C@@H](OCc3ccccc3)[C@@H]2O1";"AWZCLMXIRQCUNH-BIUHSKNTSA-N";"InChI=1S/C25H29NO5/c1-2-23(27)26-14-20-13-21-25(30-20)24(29-16-19-11-7-4-8-12-19)22(31-21)17-28-15-18-9-5-3-6-10-18/h2-12,20-22,24-25H,1,13-17H2,(H,26,27)/t20-,21+,22-,24-,25-/m1/s1";"False";"-1"
"CHEMBL2086789";"";"SCH-54292";"Small molecule";"";"520.56";"2";"2";"0.51";"169.02";"10";"6";"2";"9";"N";"0.22";"12.33";"3.44";"0.75";"0.75";"3";"MOL";"-1";"36";"11";"6";"3";"520.1516";"-0.11";"NEUTRAL";"C24H28N2O9S";"O=S(=O)(c1ccc(NO)cc1)N(CCOc1ccc2ccccc2c1)[C@@H]1O[C@H](CO)[C@@H](O)[C@H](O)[C@H]1O";"KVPUAIYIBNDBLI-GNADVCDUSA-N";"InChI=1S/C24H28N2O9S/c27-14-20-21(28)22(29)23(30)24(35-20)26(36(32,33)19-9-6-17(25-31)7-10-19)11-12-34-18-8-5-15-3-1-2-4-16(15)13-18/h1-10,13,20-25,27-31H,11-12,14H2/t20-,21-,22+,23-,24-/m1/s1";"False";"-1"
"CHEMBL2396659";"";"";"Small molecule";"";"359.43";"1";"1";"3.33";"85.60";"3";"4";"0";"4";"N";"0.45";"12.13";"9.45";"2.68";"0.64";"4";"MOL";"-1";"27";"6";"4";"0";"359.1746";"-1.16";"BASE";"C21H21N5O";"O=C(Nc1ccc2[nH]c(Cc3c[nH]c4ccccc34)nc2c1)[C@H]1CCCN1";"FSUGJBWDOIVSMH-GOSISDBHSA-N";"InChI=1S/C21H21N5O/c27-21(18-6-3-9-22-18)24-14-7-8-17-19(11-14)26-20(25-17)10-13-12-23-16-5-2-1-4-15(13)16/h1-2,4-5,7-8,11-12,18,22-23H,3,6,9-10H2,(H,24,27)(H,25,26)/t18-/m1/s1";"False";"-1"
"CHEMBL3932440";"";"";"Small molecule";"";"610.79";"2";"5";"-0.98";"261.44";"13";"7";"3";"12";"N";"0.09";"-0.33";"0.33";"-3.01";"-7.13";"2";"MOL";"-1";"38";"17";"8";"3";"610.0557";"0.37";"ACID";"C16H23ClF2N6O11P2";"Nc1nc2c(ncn2[C@@H]2O[C@H](COP(=O)(O)C(F)(F)P(=O)(O)OCCCNC(=O)CCl)[C@@H](O)[C@H]2O)c(=O)[nH]1";"AZFJASMBZUATSI-FRJWGUMJSA-N";"InChI=1S/C16H23ClF2N6O11P2/c17-4-8(26)21-2-1-3-34-37(30,31)16(18,19)38(32,33)35-5-7-10(27)11(28)14(36-7)25-6-22-9-12(25)23-15(20)24-13(9)29/h6-7,10-11,14,27-28H,1-5H2,(H,21,26)(H,30,31)(H,32,33)(H3,20,23,24,29)/t7-,10-,11-,14-/m1/s1";"False";"-1"
"CHEMBL3414699";"";"";"Small molecule";"";"278.69";"2";"5";"1.21";"80.47";"3";"1";"0";"3";"N";"0.84";"13.80";"None";"1.07";"1.07";"1";"MOL";"-1";"19";"5";"2";"0";"278.0458";"-0.71";"NEUTRAL";"C13H11ClN2O3";"CCN1C(=O)C=C(c2cc(Cl)cc(C(N)=O)c2)C1=O";"KSTNSUFENUHRCV-UHFFFAOYSA-N";"InChI=1S/C13H11ClN2O3/c1-2-16-11(17)6-10(13(16)19)7-3-8(12(15)18)5-9(14)4-7/h3-6H,2H2,1H3,(H2,15,18)";"False";"-1"
"CHEMBL4174888";"";"";"Small molecule";"";"458.51";"2";"14";"4.51";"73.18";"7";"0";"0";"5";"N";"0.56";"None";"None";"4.53";"4.53";"3";"MOL";"-1";"34";"7";"0";"0";"458.1842";"-0.37";"NEUTRAL";"C27H26N2O5";"COc1cc(C2c3cc4c(cc3CCN2c2ccc(C#N)cc2)OCCO4)cc(OC)c1OC";"NXRQAKBQNZZNDO-UHFFFAOYSA-N";"InChI=1S/C27H26N2O5/c1-30-24-13-19(14-25(31-2)27(24)32-3)26-21-15-23-22(33-10-11-34-23)12-18(21)8-9-29(26)20-6-4-17(16-28)5-7-20/h4-7,12-15,26H,8-11H2,1-3H3";"False";"-1"
"CHEMBL3577119";"";"";"Small molecule";"";"410.50";"7";"9";"4.74";"91.83";"5";"3";"0";"5";"N";"0.57";"11.47";"4.34";"3.64";"3.64";"3";"MOL";"-1";"30";"7";"3";"0";"410.2230";"-1.49";"NEUTRAL";"C22H27FN6O";"CNc1ncc2cc(-c3ccc(F)c(NC(=O)NCCC(C)(C)C)c3)c(C)nc2n1";"MWMSJCLJVPGLKV-UHFFFAOYSA-N";"InChI=1S/C22H27FN6O/c1-13-16(10-15-12-26-20(24-5)29-19(15)27-13)14-6-7-17(23)18(11-14)28-21(30)25-9-8-22(2,3)4/h6-7,10-12H,8-9H2,1-5H3,(H2,25,28,30)(H,24,26,27,29)";"False";"-1"
"CHEMBL2086795";"";"";"Small molecule";"";"375.48";"1";"5";"3.95";"99.59";"3";"4";"0";"6";"N";"0.41";"11.94";"8.35";"3.53";"2.53";"4";"MOL";"-1";"28";"6";"5";"0";"375.2059";"-0.94";"NEUTRAL";"C22H25N5O";"CC[C@H](C)[C@H](N)C(=O)Nc1ccc2nc(Cc3c[nH]c4ccccc34)[nH]c2c1";"FSLNBVIYKUVMJE-ZSEKCTLFSA-N";"InChI=1S/C22H25N5O/c1-3-13(2)21(23)22(28)25-15-8-9-18-19(11-15)27-20(26-18)10-14-12-24-17-7-5-4-6-16(14)17/h4-9,11-13,21,24H,3,10,23H2,1-2H3,(H,25,28)(H,26,27)/t13-,21-/m0/s1";"False";"-1"
"CHEMBL384589";"";"";"Small molecule";"";"354.47";"10";"27";"6.40";"35.53";"4";"0";"1";"5";"N";"0.50";"None";"None";"6.46";"6.46";"2";"MOL";"-1";"25";"3";"0";"1";"354.1290";"0.53";"NEUTRAL";"C21H22O3S";"CCCCCCc1c2c(c(C)c3c1C(=O)SC3)Oc1ccccc1O2";"MWFDZGYGVHHBDG-UHFFFAOYSA-N";"InChI=1S/C21H22O3S/c1-3-4-5-6-9-14-18-15(12-25-21(18)22)13(2)19-20(14)24-17-11-8-7-10-16(17)23-19/h7-8,10-11H,3-6,9,12H2,1-2H3";"False";"-1"
"CHEMBL3218638";"";"";"Small molecule";"";"1452.70";"6";"7";"None";"None";"None";"None";"None";"None";"None";"None";"None";"None";"None";"None";"None";"MOL";"-1";"None";"None";"None";"None";"1451.7838";"None";"None";"C70H102FN19O14";"CC(C)C[C@@H]1NC(=O)[C@H](CCCNC(=N)N)NC(=O)[C@H](CCCNC(=N)N)NC(=O)[C@H](Cc2ccc(O)cc2)NC(=O)[C@H](Cc2ccc(F)cc2)NC(=O)[C@H](CCCNC(=N)N)NC(=O)[C@H](CCC(N)=O)NC(=O)C[C@@H](CCc2ccccc2)NC(=O)[C@@H]2CCCCN2C(=O)C(=O)C(C)(C)COC1=O";"DXGQXRCLUBMDCZ-YXTGJPTOSA-N";"InChI=1S/C70H102FN19O14/c1-40(2)35-53-66(103)104-39-70(3,4)57(94)65(102)90-34-9-8-18-54(90)64(101)82-45(26-21-41-13-6-5-7-14-41)38-56(93)83-50(29-30-55(72)92)61(98)85-48(16-11-32-80-68(75)76)59(96)87-52(36-42-19-24-44(71)25-20-42)63(100)88-51(37-43-22-27-46(91)28-23-43)62(99)86-47(15-10-31-79-67(73)74)58(95)84-49(60(97)89-53)17-12-33-81-69(77)78/h5-7,13-14,19-20,22-25,27-28,40,45,47-54,91H,8-12,15-18,21,26,29-39H2,1-4H3,(H2,72,92)(H,82,101)(H,83,93)(H,84,95)(H,85,98)(H,86,99)(H,87,96)(H,88,100)(H,89,97)(H4,73,74,79)(H4,75,76,80)(H4,77,78,81)/t45-,47+,48+,49+,50+,51+,52+,53+,54+/m1/s1";"False";"-1"
"CHEMBL1729495";"";"";"Small molecule";"";"259.26";"7";"7";"1.85";"60.70";"4";"1";"0";"3";"N";"0.91";"13.99";"None";"1.48";"1.48";"2";"MOL";"-1";"19";"5";"1";"0";"259.0845";"-1.10";"NEUTRAL";"C14H13NO4";"O=C(NCC1COc2ccccc2O1)c1ccco1";"IRQMQVKHNLGEFH-UHFFFAOYSA-N";"InChI=1S/C14H13NO4/c16-14(13-6-3-7-17-13)15-8-10-9-18-11-4-1-2-5-12(11)19-10/h1-7,10H,8-9H2,(H,15,16)";"False";"-1"
"CHEMBL59351";"";"";"Small molecule";"";"343.34";"11";"16";"3.52";"87.90";"6";"0";"0";"7";"N";"0.33";"None";"None";"3.36";"3.36";"2";"MOL";"-1";"25";"7";"0";"0";"343.1056";"-0.29";"NEUTRAL";"C18H17NO6";"COc1cc(C(=O)/C=C/c2ccc([N+](=O)[O-])cc2)cc(OC)c1OC";"PGLMCDFGQNAYCR-RMKNXTFCSA-N";"InChI=1S/C18H17NO6/c1-23-16-10-13(11-17(24-2)18(16)25-3)15(20)9-6-12-4-7-14(8-5-12)19(21)22/h4-11H,1-3H3/b9-6+";"False";"-1"
"CHEMBL52073";"";"";"Small molecule";"";"435.49";"11";"24";"3.91";"74.39";"6";"0";"0";"0";"N";"0.42";"None";"6.11";"2.64";"2.63";"4";"MOL";"-1";"33";"7";"0";"0";"435.1695";"0.06";"NEUTRAL";"C26H21N5O2";"N#Cc1ccc2cc1Oc1ccc3cccc(c3c1)N1CCN(CC1=O)Cc1cncn1C2";"NLKNPWNNYCYNKB-UHFFFAOYSA-N";"InChI=1S/C26H21N5O2/c27-12-20-5-4-18-10-25(20)33-22-7-6-19-2-1-3-24(23(19)11-22)31-9-8-29(16-26(31)32)15-21-13-28-17-30(21)14-18/h1-7,10-11,13,17H,8-9,14-16H2";"False";"-1"
"CHEMBL4289121";"";"";"Small molecule";"";"408.31";"1";"1";"2.16";"98.74";"5";"3";"0";"6";"N";"0.63";"8.98";"2.10";"0.73";"0.72";"1";"MOL";"-1";"25";"7";"3";"0";"407.0473";"-1.29";"NEUTRAL";"C15H19Cl2N3O4S";"C=CS(=O)(=O)NC1CCN(C(=O)CNc2cc(Cl)c(Cl)cc2O)CC1";"GSQPLDZMWXBAOV-UHFFFAOYSA-N";"InChI=1S/C15H19Cl2N3O4S/c1-2-25(23,24)19-10-3-5-20(6-4-10)15(22)9-18-13-7-11(16)12(17)8-14(13)21/h2,7-8,10,18-19,21H,1,3-6,9H2";"False";"-1"
"CHEMBL3577117";"";"";"Small molecule";"";"439.54";"9";"21";"4.62";"99.17";"5";"4";"0";"5";"N";"0.46";"11.60";"4.43";"3.53";"3.53";"3";"MOL";"-1";"32";"7";"4";"0";"439.2384";"-1.13";"NEUTRAL";"C24H30FN5O2";"CNc1cc2nc(C)c(-c3cc(NC(=O)NC[C@@H](O)C(C)(C)C)c(F)cc3C)cc2cn1";"YBTZROQGXQXJCA-OAQYLSRUSA-N";"InChI=1S/C24H30FN5O2/c1-13-7-18(25)20(30-23(32)28-12-21(31)24(3,4)5)9-16(13)17-8-15-11-27-22(26-6)10-19(15)29-14(17)2/h7-11,21,31H,12H2,1-6H3,(H,26,27)(H2,28,30,32)/t21-/m1/s1";"False";"-1"
"CHEMBL3911134";"";"";"Small molecule";"";"276.36";"1";"1";"2.31";"58.20";"3";"2";"0";"6";"N";"0.80";"11.56";"3.98";"1.68";"1.68";"2";"MOL";"-1";"19";"4";"2";"0";"276.0932";"-1.18";"NEUTRAL";"C14H16N2O2S";"C=CS(=O)(=O)NCCNc1cccc2ccccc12";"OVMCYNWLJPZNOG-UHFFFAOYSA-N";"InChI=1S/C14H16N2O2S/c1-2-19(17,18)16-11-10-15-14-9-5-7-12-6-3-4-8-13(12)14/h2-9,15-16H,1,10-11H2";"False";"-1"
"CHEMBL3890219";"";"";"Small molecule";"";"353.44";"1";"1";"3.84";"55.40";"3";"1";"0";"7";"N";"0.66";"10.12";"None";"4.17";"4.17";"3";"MOL";"-1";"25";"4";"1";"0";"353.1086";"-0.87";"NEUTRAL";"C20H19NO3S";"C=Cc1ccccc1S(=O)(=O)NCCOc1cccc2ccccc12";"PIKXGVBAMWGKDZ-UHFFFAOYSA-N";"InChI=1S/C20H19NO3S/c1-2-16-8-4-6-13-20(16)25(22,23)21-14-15-24-19-12-7-10-17-9-3-5-11-18(17)19/h2-13,21H,1,14-15H2";"False";"-1"
"CHEMBL4171148";"";"";"Small molecule";"";"401.46";"2";"14";"2.42";"69.62";"7";"1";"0";"6";"N";"0.80";"None";"6.79";"2.09";"1.99";"2";"MOL";"-1";"29";"7";"1";"0";"401.1838";"0.12";"NEUTRAL";"C22H27NO6";"COc1cc(C2c3cc4c(cc3CCN2CCO)OCCO4)cc(OC)c1OC";"YCLWBEKJKYDLRH-UHFFFAOYSA-N";"InChI=1S/C22H27NO6/c1-25-19-11-15(12-20(26-2)22(19)27-3)21-16-13-18-17(28-8-9-29-18)10-14(16)4-5-23(21)6-7-24/h10-13,21,24H,4-9H2,1-3H3";"False";"-1"
"CHEMBL3577116";"";"";"Small molecule";"";"453.56";"7";"9";"5.13";"88.05";"5";"3";"1";"6";"N";"0.48";"11.60";"5.85";"4.03";"4.02";"3";"MOL";"-1";"33";"7";"3";"1";"453.2540";"-1.47";"NEUTRAL";"C25H32FN5O2";"CCn1c(=O)c(-c2cc(NC(=O)NCCC(C)(C)C)c(F)cc2C)cc2cnc(NC)cc21";"RWHKUOWZHDGYHC-UHFFFAOYSA-N";"InChI=1S/C25H32FN5O2/c1-7-31-21-13-22(27-6)29-14-16(21)11-18(23(31)32)17-12-20(19(26)10-15(17)2)30-24(33)28-9-8-25(3,4)5/h10-14H,7-9H2,1-6H3,(H,27,29)(H2,28,30,33)";"False";"-1"
"CHEMBL159171";"";"";"Small molecule";"";"509.65";"8";"14";"5.27";"74.39";"6";"0";"2";"3";"N";"0.48";"None";"6.11";"4.72";"4.71";"3";"MOL";"-1";"38";"7";"0";"2";"509.2791";"0.41";"NEUTRAL";"C31H35N5O2";"N#Cc1ccc2cc1Oc1ccc(CCC3CCCCC3)c(c1)CN1CCN(CC1=O)Cc1cncn1C2";"YIZSZHVXFHAUCR-UHFFFAOYSA-N";"InChI=1S/C31H35N5O2/c32-16-26-9-7-24-14-30(26)38-29-11-10-25(8-6-23-4-2-1-3-5-23)27(15-29)19-35-13-12-34(21-31(35)37)20-28-17-33-22-36(28)18-24/h7,9-11,14-15,17,22-23H,1-6,8,12-13,18-21H2";"False";"-1"
"CHEMBL2086792";"";"";"Small molecule";"";"260.36";"2";"2";"2.30";"39.26";"2";"2";"0";"1";"Y";"0.77";"13.21";"None";"1.58";"1.58";"2";"MOL";"-1";"18";"3";"2";"0";"260.0983";"-0.63";"NEUTRAL";"C14H16N2OS";"OC1CCN(C(=S)c2c[nH]c3ccccc23)CC1";"VTQVMVULAOZKHG-UHFFFAOYSA-N";"InChI=1S/C14H16N2OS/c17-10-5-7-16(8-6-10)14(18)12-9-15-13-4-2-1-3-11(12)13/h1-4,9-10,15,17H,5-8H2";"False";"-1"
"CHEMBL3219765";"";"";"Small molecule";"";"299.33";"3";"4";"3.00";"57.65";"5";"0";"0";"6";"N";"0.61";"None";"2.81";"2.59";"2.59";"2";"MOL";"-1";"22";"5";"0";"0";"299.1158";"-0.21";"NEUTRAL";"C17H17NO4";"COc1cc(/C=C/C(=O)c2ccccn2)cc(OC)c1OC";"BPHYOXFAYJPCCZ-BQYQJAHWSA-N";"InChI=1S/C17H17NO4/c1-20-15-10-12(11-16(21-2)17(15)22-3)7-8-14(19)13-6-4-5-9-18-13/h4-11H,1-3H3/b8-7+";"False";"-1"
"CHEMBL3954767";"";"";"Small molecule";"";"459.56";"1";"1";"2.78";"83.09";"6";"1";"0";"11";"N";"0.56";"10.40";"None";"2.70";"2.70";"2";"MOL";"-1";"32";"7";"1";"0";"459.1716";"0.45";"NEUTRAL";"C24H29NO6S";"C=CS(=O)(=O)NC[C@@H]1C[C@@H]2O[C@H](COCc3ccccc3)[C@@H](OCc3ccccc3)[C@@H]2O1";"OSTBDBSZVMPDCC-QJUOVVKFSA-N";"InChI=1S/C24H29NO6S/c1-2-32(26,27)25-14-20-13-21-24(30-20)23(29-16-19-11-7-4-8-12-19)22(31-21)17-28-15-18-9-5-3-6-10-18/h2-12,20-25H,1,13-17H2/t20-,21-,22+,23+,24+/m0/s1";"False";"-1"
"CHEMBL3942751";"";"";"Small molecule";"";"445.54";"1";"1";"2.11";"94.09";"6";"2";"0";"9";"N";"0.61";"10.13";"None";"2.45";"2.45";"2";"MOL";"-1";"31";"7";"2";"0";"445.1559";"0.38";"NEUTRAL";"C23H27NO6S";"C=Cc1cccc(S(=O)(=O)NC[C@H]2C[C@@H]3O[C@H](CO)[C@@H](OCc4ccccc4)[C@@H]3O2)c1";"GKYLJMFSXDIFIG-OOWPADAASA-N";"InChI=1S/C23H27NO6S/c1-2-16-9-6-10-19(11-16)31(26,27)24-13-18-12-20-23(29-18)22(21(14-25)30-20)28-15-17-7-4-3-5-8-17/h2-11,18,20-25H,1,12-15H2/t18-,20+,21-,22-,23-/m1/s1";"False";"-1"
"CHEMBL3975727";"";"";"Small molecule";"";"276.36";"1";"1";"2.31";"58.20";"3";"2";"0";"6";"N";"0.80";"11.57";"4.19";"1.68";"1.68";"2";"MOL";"-1";"19";"4";"2";"0";"276.0932";"-1.10";"NEUTRAL";"C14H16N2O2S";"C=CS(=O)(=O)NCCNc1ccc2ccccc2c1";"YSHNLBPZXKPCNC-UHFFFAOYSA-N";"InChI=1S/C14H16N2O2S/c1-2-19(17,18)16-10-9-15-14-8-7-12-5-3-4-6-13(12)11-14/h2-8,11,15-16H,1,9-10H2";"False";"-1"
"CHEMBL3932518";"";"";"Small molecule";"";"353.44";"1";"1";"3.84";"55.40";"3";"1";"0";"7";"N";"0.66";"10.13";"None";"4.17";"4.17";"3";"MOL";"-1";"25";"4";"1";"0";"353.1086";"-0.98";"NEUTRAL";"C20H19NO3S";"C=Cc1cccc(S(=O)(=O)NCCOc2cccc3ccccc23)c1";"YPHIRPUTIQFITI-UHFFFAOYSA-N";"InChI=1S/C20H19NO3S/c1-2-16-7-5-10-18(15-16)25(22,23)21-13-14-24-20-12-6-9-17-8-3-4-11-19(17)20/h2-12,15,21H,1,13-14H2";"False";"-1"
"CHEMBL3913450";"";"";"Small molecule";"";"524.81";"1";"4";"-2.58";"241.21";"13";"6";"3";"10";"N";"0.08";"1.18";"0.37";"-4.10";"-6.12";"2";"MOL";"-1";"34";"16";"7";"3";"524.0824";"0.43";"ACID";"C16H22ClN6O10P";"Nc1nc2c(ncn2[C@@H]2O[C@H](COP(=O)(O)CC(=O)OCCNC(=O)CCl)[C@@H](O)[C@H]2O)c(=O)[nH]1";"FSQXOWFZNRIQQP-UHEGPQQHSA-N";"InChI=1S/C16H22ClN6O10P/c17-3-8(24)19-1-2-31-9(25)5-34(29,30)32-4-7-11(26)12(27)15(33-7)23-6-20-10-13(23)21-16(18)22-14(10)28/h6-7,11-12,15,26-27H,1-5H2,(H,19,24)(H,29,30)(H3,18,21,22,28)/t7-,11-,12-,15-/m1/s1";"False";"-1"
"CHEMBL3978953";"";"";"Small molecule";"";"535.66";"1";"1";"4.34";"83.09";"6";"1";"1";"12";"N";"0.37";"10.12";"None";"4.82";"4.82";"3";"MOL";"-1";"38";"7";"1";"1";"535.2029";"0.18";"NEUTRAL";"C30H33NO6S";"C=Cc1ccccc1S(=O)(=O)NC[C@@H]1C[C@@H]2O[C@H](COCc3ccccc3)[C@@H](OCc3ccccc3)[C@@H]2O1";"BJACZUBXJOKESJ-ONAGSAGBSA-N";"InChI=1S/C30H33NO6S/c1-2-24-15-9-10-16-28(24)38(32,33)31-18-25-17-26-30(36-25)29(35-20-23-13-7-4-8-14-23)27(37-26)21-34-19-22-11-5-3-6-12-22/h2-16,25-27,29-31H,1,17-21H2/t25-,26-,27+,29+,30+/m0/s1";"False";"-1"
"CHEMBL4082777";"";"";"Small molecule";"";"2561.06";"2";"6";"None";"None";"None";"None";"None";"None";"None";"None";"None";"None";"None";"None";"None";"MOL";"-1";"None";"None";"None";"None";"2559.3764";"None";"None";"C108H182N44O25S2";"CC[C@H](C)[C@@H]1NC(=O)[C@H](Cc2ccc(O)cc2)NC(=O)[C@H](CC(C)C)NC(=O)[C@@H]2CCCN2C(=O)[C@@H](NC(=O)[C@H](CCCNC(=N)N)NC(=O)[C@H](CCCNC(=N)N)NC(=O)[C@H](CCCNC(=N)N)NC(=O)[C@@H](CCCNC(=N)N)NC(C)=O)CSSC[C@@H](C(=O)N[C@@H](CCCNC(=N)N)C(=O)N[C@@H](CCCNC(=N)N)C(=O)N[C@@H](CCCNC(=N)N)C(=O)N[C@H](CCCNC(=N)N)C(N)=O)NC(=O)[C@H](C(C)C)NC(=O)[C@@H]2CCCN2C(=O)[C@H](CC(=O)O)NC(=O)[C@H](Cc2ccc(O)cc2)NC(=O)[C@H](CO)NC1=O";"SVUZBYDIXUMDGY-LGNRGEMCSA-N";"InChI=1S/C108H182N44O25S2/c1-8-56(6)81-98(175)146-74(51-153)93(170)143-71(48-58-29-33-60(155)34-30-58)91(168)145-73(50-79(157)158)99(176)151-45-18-28-78(151)96(173)149-80(55(4)5)97(174)147-75(94(171)141-68(25-15-43-132-107(122)123)88(165)139-66(23-13-41-130-105(118)119)86(163)137-64(21-11-39-128-103(114)115)84(161)135-62(82(109)159)19-9-37-126-101(110)111)52-178-179-53-76(100(177)152-46-17-27-77(152)95(172)144-70(47-54(2)3)90(167)142-72(92(169)150-81)49-59-31-35-61(156)36-32-59)148-89(166)69(26-16-44-133-108(124)125)140-87(164)67(24-14-42-131-106(120)121)138-85(162)65(22-12-40-129-104(116)117)136-83(160)63(134-57(7)154)20-10-38-127-102(112)113/h29-36,54-56,62-78,80-81,153,155-156H,8-28,37-53H2,1-7H3,(H2,109,159)(H,134,154)(H,135,161)(H,136,160)(H,137,163)(H,138,162)(H,139,165)(H,140,164)(H,141,171)(H,142,167)(H,143,170)(H,144,172)(H,145,168)(H,146,175)(H,147,174)(H,148,166)(H,149,173)(H,150,169)(H,157,158)(H4,110,111,126)(H4,112,113,127)(H4,114,115,128)(H4,116,117,129)(H4,118,119,130)(H4,120,121,131)(H4,122,123,132)(H4,124,125,133)/t56-,62+,63+,64-,65-,66-,67-,68-,69-,70-,71-,72-,73-,74-,75-,76-,77-,78-,80-,81-/m0/s1";"False";"-1"
"CHEMBL589993";"";"";"Small molecule";"";"377.23";"13";"22";"4.37";"44.76";"4";"0";"0";"6";"N";"0.55";"None";"None";"4.19";"4.19";"2";"MOL";"-1";"23";"4";"0";"0";"376.0310";"-0.02";"NEUTRAL";"C18H17BrO4";"COc1cc(/C=C/C(=O)c2ccc(Br)cc2)cc(OC)c1OC";"GHQYAKZDBZTTSS-RUDMXATFSA-N";"InChI=1S/C18H17BrO4/c1-21-16-10-12(11-17(22-2)18(16)23-3)4-9-15(20)13-5-7-14(19)8-6-13/h4-11H,1-3H3/b9-4+";"False";"-1"
"CHEMBL59026";"";"";"Small molecule";"";"316.33";"26";"42";"3.75";"44.76";"4";"0";"0";"6";"N";"0.60";"None";"None";"3.56";"3.56";"2";"MOL";"-1";"23";"4";"0";"0";"316.1111";"-0.23";"NEUTRAL";"C18H17FO4";"COc1cc(/C=C/C(=O)c2ccc(F)cc2)cc(OC)c1OC";"WXPAWDMWSJYTRJ-RUDMXATFSA-N";"InChI=1S/C18H17FO4/c1-21-16-10-12(11-17(22-2)18(16)23-3)4-9-15(20)13-5-7-14(19)8-6-13/h4-11H,1-3H3/b9-4+";"False";"-1"
"CHEMBL62070";"";"";"Small molecule";"";"341.41";"3";"4";"3.67";"48.00";"5";"0";"0";"7";"N";"0.57";"None";"3.47";"3.53";"3.53";"2";"MOL";"-1";"25";"5";"0";"0";"341.1627";"-0.20";"NEUTRAL";"C20H23NO4";"COc1cc(/C=C/C(=O)c2ccc(N(C)C)cc2)cc(OC)c1OC";"VIFRKOWCKUMHOG-IZZDOVSWSA-N";"InChI=1S/C20H23NO4/c1-21(2)16-9-7-15(8-10-16)17(22)11-6-14-12-18(23-3)20(25-5)19(13-14)24-4/h6-13H,1-5H3/b11-6+";"False";"-1"
"CHEMBL3981332";"";"";"Small molecule";"";"535.66";"1";"1";"4.34";"83.09";"6";"1";"1";"12";"N";"0.37";"10.26";"None";"4.82";"4.82";"3";"MOL";"-1";"38";"7";"1";"1";"535.2029";"0.12";"NEUTRAL";"C30H33NO6S";"C=Cc1ccc(S(=O)(=O)NC[C@@H]2C[C@@H]3O[C@H](COCc4ccccc4)[C@@H](OCc4ccccc4)[C@@H]3O2)cc1";"ONKYYZCODKGOMH-HXQOHACZSA-N";"InChI=1S/C30H33NO6S/c1-2-22-13-15-26(16-14-22)38(32,33)31-18-25-17-27-30(36-25)29(35-20-24-11-7-4-8-12-24)28(37-27)21-34-19-23-9-5-3-6-10-23/h2-16,25,27-31H,1,17-21H2/t25-,27-,28+,29+,30+/m0/s1";"False";"-1"
"CHEMBL3911460";"";"";"Small molecule";"";"523.91";"1";"2";"-3.86";"240.85";"13";"6";"3";"10";"N";"0.10";"9.04";"0.44";"-3.86";"-3.87";"2";"MOL";"-1";"34";"16";"7";"3";"523.0888";"0.04";"NEUTRAL";"C16H22ClN7O9S";"Nc1nc2c(ncn2[C@@H]2O[C@H](COC(=O)CS(=O)(=O)NCCNC(=O)CCl)[C@@H](O)[C@H]2O)c(=O)[nH]1";"INGWSIOVOCBZNZ-UHEGPQQHSA-N";"InChI=1S/C16H22ClN7O9S/c17-3-8(25)19-1-2-21-34(30,31)5-9(26)32-4-7-11(27)12(28)15(33-7)24-6-20-10-13(24)22-16(18)23-14(10)29/h6-7,11-12,15,21,27-28H,1-5H2,(H,19,25)(H3,18,22,23,29)/t7-,11-,12-,15-/m1/s1";"False";"-1"
"CHEMBL387144";"";"";"Small molecule";"";"338.40";"12";"39";"5.69";"44.76";"4";"0";"1";"5";"N";"0.44";"13.78";"None";"5.80";"5.80";"2";"MOL";"-1";"25";"4";"0";"1";"338.1518";"0.91";"NEUTRAL";"C21H22O4";"CCCCCCc1c2c(c(C)c3c1C(=O)OC3)Oc1ccccc1O2";"HGQOUEBWFKERAC-UHFFFAOYSA-N";"InChI=1S/C21H22O4/c1-3-4-5-6-9-14-18-15(12-23-21(18)22)13(2)19-20(14)25-17-11-8-7-10-16(17)24-19/h7-8,10-11H,3-6,9,12H2,1-2H3";"False";"-1"
"CHEMBL3941415";"";"";"Small molecule";"";"578.77";"1";"4";"-1.67";"261.44";"13";"7";"3";"11";"N";"0.09";"0.32";"0.08";"-2.92";"-7.46";"2";"MOL";"-1";"36";"17";"8";"3";"578.0494";"0.31";"ACID";"C15H22ClFN6O11P2";"Nc1nc2c(ncn2[C@@H]2O[C@H](COP(=O)(O)C(F)P(=O)(O)OCCNC(=O)CCl)[C@@H](O)[C@H]2O)c(=O)[nH]1";"GLBJMYLSMRVUEQ-BBWYTPCNSA-N";"InChI=1S/C15H22ClFN6O11P2/c16-3-7(24)19-1-2-32-35(28,29)14(17)36(30,31)33-4-6-9(25)10(26)13(34-6)23-5-20-8-11(23)21-15(18)22-12(8)27/h5-6,9-10,13-14,25-26H,1-4H2,(H,19,24)(H,28,29)(H,30,31)(H3,18,21,22,27)/t6-,9-,10-,13-,14?/m1/s1";"False";"-1"
"CHEMBL222175";"";"";"Small molecule";"";"324.38";"3";"16";"5.30";"44.76";"4";"0";"1";"4";"N";"0.48";"13.78";"None";"5.36";"5.36";"2";"MOL";"-1";"24";"4";"0";"1";"324.1362";"0.99";"NEUTRAL";"C20H20O4";"CCCCCc1c2c(c(C)c3c1Oc1ccccc1O3)C(=O)OC2";"TYKQOVIBIKFBJH-UHFFFAOYSA-N";"InChI=1S/C20H20O4/c1-3-4-5-8-13-14-11-22-20(21)17(14)12(2)18-19(13)24-16-10-7-6-9-15(16)23-18/h6-7,9-10H,3-5,8,11H2,1-2H3";"False";"-1"
"CHEMBL3577120";"";"";"Small molecule";"";"409.51";"7";"9";"5.34";"78.94";"4";"3";"1";"5";"N";"0.53";"11.47";"4.43";"3.94";"3.94";"3";"MOL";"-1";"30";"6";"3";"1";"409.2278";"-1.61";"NEUTRAL";"C23H28FN5O";"CNc1cc2nc(C)c(-c3ccc(F)c(NC(=O)NCCC(C)(C)C)c3)cc2cn1";"MIKNQZDKGNLBRE-UHFFFAOYSA-N";"InChI=1S/C23H28FN5O/c1-14-17(10-16-13-27-21(25-5)12-19(16)28-14)15-6-7-18(24)20(11-15)29-22(30)26-9-8-23(2,3)4/h6-7,10-13H,8-9H2,1-5H3,(H,25,27)(H2,26,29,30)";"False";"-1"
"CHEMBL3962304";"";"";"Small molecule";"";"277.35";"1";"1";"2.28";"55.40";"3";"1";"0";"6";"N";"0.82";"10.90";"None";"2.05";"2.05";"2";"MOL";"-1";"19";"4";"1";"0";"277.0773";"-0.85";"NEUTRAL";"C14H15NO3S";"C=CS(=O)(=O)NCCOc1ccc2ccccc2c1";"QKQLRXGKHJYIHO-UHFFFAOYSA-N";"InChI=1S/C14H15NO3S/c1-2-19(16,17)15-9-10-18-14-8-7-12-5-3-4-6-13(12)11-14/h2-8,11,15H,1,9-10H2";"False";"-1"
"CHEMBL3967261";"";"";"Small molecule";"";"333.38";"1";"1";"0.79";"77.02";"5";"2";"0";"7";"N";"0.72";"None";"None";"0.86";"0.86";"1";"MOL";"-1";"24";"6";"2";"0";"333.1576";"1.06";"NEUTRAL";"C18H23NO5";"C=CC(=O)NC[C@@H]1C[C@@H]2O[C@H](CO)[C@@H](OCc3ccccc3)[C@@H]2O1";"FRYWEGXIHUPJEW-KCEFYPGHSA-N";"InChI=1S/C18H23NO5/c1-2-16(21)19-9-13-8-14-18(23-13)17(15(10-20)24-14)22-11-12-6-4-3-5-7-12/h2-7,13-15,17-18,20H,1,8-11H2,(H,19,21)/t13-,14-,15+,17+,18+/m0/s1";"False";"-1"
"CHEMBL3940412";"";"";"Small molecule";"";"535.66";"1";"1";"4.34";"83.09";"6";"1";"1";"12";"N";"0.37";"10.13";"None";"4.82";"4.82";"3";"MOL";"-1";"38";"7";"1";"1";"535.2029";"0.09";"NEUTRAL";"C30H33NO6S";"C=Cc1cccc(S(=O)(=O)NC[C@@H]2C[C@@H]3O[C@H](COCc4ccccc4)[C@@H](OCc4ccccc4)[C@@H]3O2)c1";"NCUUGAUAUAORRU-HXQOHACZSA-N";"InChI=1S/C30H33NO6S/c1-2-22-14-9-15-26(16-22)38(32,33)31-18-25-17-27-30(36-25)29(35-20-24-12-7-4-8-13-24)28(37-27)21-34-19-23-10-5-3-6-11-23/h2-16,25,27-31H,1,17-21H2/t25-,27-,28+,29+,30+/m0/s1";"False";"-1"
"CHEMBL3935647";"";"";"Small molecule";"";"596.76";"1";"4";"-1.37";"261.44";"13";"7";"3";"11";"N";"0.09";"-0.39";"0.79";"-3.10";"-7.21";"2";"MOL";"-1";"37";"17";"8";"3";"596.0400";"0.34";"ACID";"C15H21ClF2N6O11P2";"Nc1nc2c(ncn2[C@@H]2O[C@H](COP(=O)(O)C(F)(F)P(=O)(O)OCCNC(=O)CCl)[C@@H](O)[C@H]2O)c(=O)[nH]1";"USGHGXUEJRLJBM-ZRFIDHNTSA-N";"InChI=1S/C15H21ClF2N6O11P2/c16-3-7(25)20-1-2-33-36(29,30)15(17,18)37(31,32)34-4-6-9(26)10(27)13(35-6)24-5-21-8-11(24)22-14(19)23-12(8)28/h5-6,9-10,13,26-27H,1-4H2,(H,20,25)(H,29,30)(H,31,32)(H3,19,22,23,28)/t6-,9-,10-,13-/m1/s1";"False";"-1"
"CHEMBL3968831";"";"";"Small molecule";"";"602.86";"1";"4";"-0.94";"261.44";"13";"7";"3";"12";"N";"0.11";"1.02";"0.34";"-3.37";"-7.62";"2";"MOL";"-1";"38";"17";"8";"3";"602.1058";"0.43";"ACID";"C18H29ClN6O11P2";"CC(C)(CNC(=O)CCl)COP(=O)(O)CP(=O)(O)OC[C@H]1O[C@@H](n2cnc3c(=O)[nH]c(N)nc32)[C@H](O)[C@@H]1O";"YBTIYHQAGDFNQC-RVXWVPLUSA-N";"InChI=1S/C18H29ClN6O11P2/c1-18(2,5-21-10(26)3-19)6-35-38(32,33)8-37(30,31)34-4-9-12(27)13(28)16(36-9)25-7-22-11-14(25)23-17(20)24-15(11)29/h7,9,12-13,16,27-28H,3-6,8H2,1-2H3,(H,21,26)(H,30,31)(H,32,33)(H3,20,23,24,29)/t9-,12-,13-,16-/m1/s1";"False";"-1"
"CHEMBL3414696";"";"";"Small molecule";"";"230.27";"2";"5";"0.92";"63.40";"3";"1";"0";"3";"N";"0.79";"None";"9.18";"0.74";"-1.02";"1";"MOL";"-1";"17";"4";"2";"0";"230.1055";"-0.05";"BASE";"C13H14N2O2";"CCN1C(=O)C=C(c2cccc(CN)c2)C1=O";"WYYRTSOWSTXVCT-UHFFFAOYSA-N";"InChI=1S/C13H14N2O2/c1-2-15-12(16)7-11(13(15)17)10-5-3-4-9(6-10)8-14/h3-7H,2,8,14H2,1H3";"False";"-1"
"CHEMBL3953729";"";"";"Small molecule";"";"525.88";"1";"4";"-3.34";"250.08";"14";"6";"3";"9";"N";"0.14";"1.81";"0.42";"-3.21";"-4.00";"2";"MOL";"-1";"34";"17";"7";"3";"525.0681";"0.24";"ACID";"C15H20ClN7O10S";"Nc1nc2c(ncn2[C@@H]2O[C@H](COS(=O)(=O)NC(=O)OCCNC(=O)CCl)[C@@H](O)[C@H]2O)c(=O)[nH]1";"SFIPQGDHEHHEJW-ZRFIDHNTSA-N";"InChI=1S/C15H20ClN7O10S/c16-3-7(24)18-1-2-31-15(28)22-34(29,30)32-4-6-9(25)10(26)13(33-6)23-5-19-8-11(23)20-14(17)21-12(8)27/h5-6,9-10,13,25-26H,1-4H2,(H,18,24)(H,22,28)(H3,17,20,21,27)/t6-,9-,10-,13-/m1/s1";"False";"-1"
"CHEMBL3946023";"";"";"Small molecule";"";"369.44";"1";"1";"0.55";"94.09";"6";"2";"0";"8";"N";"0.70";"10.40";"None";"0.33";"0.33";"1";"MOL";"-1";"25";"7";"2";"0";"369.1246";"0.90";"NEUTRAL";"C17H23NO6S";"C=CS(=O)(=O)NC[C@H]1C[C@@H]2O[C@H](CO)[C@@H](OCc3ccccc3)[C@@H]2O1";"JFJAVLNQVAOWLL-ZHCJQAHYSA-N";"InChI=1S/C17H23NO6S/c1-2-25(20,21)18-9-13-8-14-17(23-13)16(15(10-19)24-14)22-11-12-6-4-3-5-7-12/h2-7,13-19H,1,8-11H2/t13-,14+,15-,16-,17-/m1/s1";"False";"-1"
"CHEMBL4062018";"";"";"Small molecule";"";"2468.96";"2";"6";"None";"None";"None";"None";"None";"None";"None";"None";"None";"None";"None";"None";"None";"MOL";"-1";"None";"None";"None";"None";"2467.3502";"None";"None";"C102H178N44O24S2";"CC[C@H](C)[C@@H]1NC(=O)[C@H](Cc2ccc(O)cc2)NC(=O)[C@H](CC(C)C)NC(=O)[C@@H]2CCCN2C(=O)[C@@H](NC(=O)[C@H](CCCNC(=N)N)NC(=O)[C@H](CCCNC(=N)N)NC(=O)[C@H](CCCNC(=N)N)NC(=O)[C@H](CCCNC(=N)N)NC(C)=O)CSSC[C@@H](C(=O)N[C@@H](CCCNC(=N)N)C(=O)N[C@@H](CCCNC(=N)N)C(=O)N[C@@H](CCCNC(=N)N)C(=O)N[C@@H](CCCNC(=N)N)C(N)=O)NC(=O)[C@H](C(C)C)NC(=O)[C@@H]2CCCN2C(=O)[C@H](CC(=O)O)NC(=O)[C@H](C)NC(=O)[C@H](CO)NC1=O";"RGBQFTSMWSUNRP-NLCBULRISA-N";"InChI=1S/C102H178N44O24S2/c1-9-52(6)75-92(168)140-68(47-147)87(163)128-53(7)77(153)139-67(46-73(150)151)93(169)145-42-19-29-72(145)90(166)143-74(51(4)5)91(167)141-69(88(164)136-63(26-16-40-126-101(116)117)83(159)134-61(24-14-38-124-99(112)113)81(157)132-59(22-12-36-122-97(108)109)79(155)130-57(76(103)152)20-10-34-120-95(104)105)48-171-172-49-70(94(170)146-43-18-28-71(146)89(165)138-65(44-50(2)3)85(161)137-66(86(162)144-75)45-55-30-32-56(149)33-31-55)142-84(160)64(27-17-41-127-102(118)119)135-82(158)62(25-15-39-125-100(114)115)133-80(156)60(23-13-37-123-98(110)111)131-78(154)58(129-54(8)148)21-11-35-121-96(106)107/h30-33,50-53,57-72,74-75,147,149H,9-29,34-49H2,1-8H3,(H2,103,152)(H,128,163)(H,129,148)(H,130,155)(H,131,154)(H,132,157)(H,133,156)(H,134,159)(H,135,158)(H,136,164)(H,137,161)(H,138,165)(H,139,153)(H,140,168)(H,141,167)(H,142,160)(H,143,166)(H,144,162)(H,150,151)(H4,104,105,120)(H4,106,107,121)(H4,108,109,122)(H4,110,111,123)(H4,112,113,124)(H4,114,115,125)(H4,116,117,126)(H4,118,119,127)/t52-,53-,57-,58-,59-,60-,61-,62-,63-,64-,65-,66-,67-,68-,69-,70-,71-,72-,74-,75-/m0/s1";"False";"-1"
"CHEMBL3956284";"";"";"Small molecule";"";"535.66";"1";"1";"4.34";"83.09";"6";"1";"1";"12";"N";"0.37";"10.12";"None";"4.82";"4.82";"3";"MOL";"-1";"38";"7";"1";"1";"535.2029";"0.18";"NEUTRAL";"C30H33NO6S";"C=Cc1ccccc1S(=O)(=O)NC[C@H]1C[C@@H]2O[C@H](COCc3ccccc3)[C@@H](OCc3ccccc3)[C@@H]2O1";"BJACZUBXJOKESJ-MMAVNDQVSA-N";"InChI=1S/C30H33NO6S/c1-2-24-15-9-10-16-28(24)38(32,33)31-18-25-17-26-30(36-25)29(35-20-23-13-7-4-8-14-23)27(37-26)21-34-19-22-11-5-3-6-12-22/h2-16,25-27,29-31H,1,17-21H2/t25-,26+,27-,29-,30-/m1/s1";"False";"-1"
"CHEMBL4293581";"";"";"Small molecule";"";"372.25";"1";"1";"2.27";"61.88";"4";"1";"0";"5";"N";"0.81";"None";"2.10";"1.45";"1.45";"1";"MOL";"-1";"24";"6";"1";"0";"371.0803";"-1.23";"NEUTRAL";"C16H19Cl2N3O3";"C=CC(=O)N1CCN(C(=O)CNc2cc(Cl)c(Cl)cc2OC)CC1";"YQEWYSSETWXWAA-UHFFFAOYSA-N";"InChI=1S/C16H19Cl2N3O3/c1-3-15(22)20-4-6-21(7-5-20)16(23)10-19-13-8-11(17)12(18)9-14(13)24-2/h3,8-9,19H,1,4-7,10H2,2H3";"False";"-1"
"CHEMBL3924804";"";"";"Small molecule";"";"445.54";"1";"1";"2.11";"94.09";"6";"2";"0";"9";"N";"0.61";"10.26";"None";"2.45";"2.45";"2";"MOL";"-1";"31";"7";"2";"0";"445.1559";"0.42";"NEUTRAL";"C23H27NO6S";"C=Cc1ccc(S(=O)(=O)NC[C@@H]2C[C@@H]3O[C@H](CO)[C@@H](OCc4ccccc4)[C@@H]3O2)cc1";"DZYKLFDQPZJAEY-LHLZYUOTSA-N";"InChI=1S/C23H27NO6S/c1-2-16-8-10-19(11-9-16)31(26,27)24-13-18-12-20-23(29-18)22(21(14-25)30-20)28-15-17-6-4-3-5-7-17/h2-11,18,20-25H,1,12-15H2/t18-,20-,21+,22+,23+/m0/s1";"False";"-1"
"CHEMBL3958857";"";"";"Small molecule";"";"562.75";"1";"4";"-2.07";"270.67";"14";"7";"3";"11";"N";"0.09";"1.86";"0.43";"-3.47";"-8.06";"2";"MOL";"-1";"35";"18";"8";"3";"562.0381";"0.72";"ACID";"C14H21ClN6O12P2";"Nc1nc2c(ncn2[C@@H]2O[C@H](COP(=O)(O)OP(=O)(O)OCCNC(=O)CCl)[C@@H](O)[C@H]2O)c(=O)[nH]1";"LYRLHTRLCKSXIV-ZRFIDHNTSA-N";"InChI=1S/C14H21ClN6O12P2/c15-3-7(22)17-1-2-30-34(26,27)33-35(28,29)31-4-6-9(23)10(24)13(32-6)21-5-18-8-11(21)19-14(16)20-12(8)25/h5-6,9-10,13,23-24H,1-4H2,(H,17,22)(H,26,27)(H,28,29)(H3,16,19,20,25)/t6-,9-,10-,13-/m1/s1";"False";"-1"
"CHEMBL3949817";"";"";"Small molecule";"";"333.38";"1";"1";"0.79";"77.02";"5";"2";"0";"7";"N";"0.72";"None";"None";"0.86";"0.86";"1";"MOL";"-1";"24";"6";"2";"0";"333.1576";"1.06";"NEUTRAL";"C18H23NO5";"C=CC(=O)NC[C@H]1C[C@@H]2O[C@H](CO)[C@@H](OCc3ccccc3)[C@@H]2O1";"FRYWEGXIHUPJEW-JAPOXJDPSA-N";"InChI=1S/C18H23NO5/c1-2-16(21)19-9-13-8-14-18(23-13)17(15(10-20)24-14)22-11-12-6-4-3-5-7-12/h2-7,13-15,17-18,20H,1,8-11H2,(H,19,21)/t13-,14+,15-,17-,18-/m1/s1";"False";"-1"
"CHEMBL2396993";"";"";"Small molecule";"";"261.33";"1";"2";"3.94";"44.47";"1";"2";"0";"2";"N";"0.56";"12.19";"5.84";"3.52";"3.50";"4";"MOL";"-1";"20";"3";"2";"0";"261.1266";"-0.97";"NEUTRAL";"C17H15N3";"Cc1[nH]c2ccccc2c1Cc1nc2ccccc2[nH]1";"BBGKKWJDHOAKFM-UHFFFAOYSA-N";"InChI=1S/C17H15N3/c1-11-13(12-6-2-3-7-14(12)18-11)10-17-19-15-8-4-5-9-16(15)20-17/h2-9,18H,10H2,1H3,(H,19,20)";"False";"-1"
"CHEMBL3218636";"";"";"Small molecule";"";"1499.80";"1";"1";"None";"None";"None";"None";"None";"None";"None";"None";"None";"None";"None";"None";"None";"MOL";"-1";"None";"None";"None";"None";"1498.7813";"None";"None";"C81H103FN14O13";"CCCC[C@H]1NC(=O)[C@@H](Cc2ccc3ccccc3c2)NC(=O)[C@@H](Cc2ccc3ccccc3c2)NC(=O)[C@@H](CCCCN)NC(=O)[C@H](CCCNC(=N)N)NC(=O)[C@H](Cc2ccc(F)cc2)NC(=O)[C@H](CCC(N)=O)NC(=O)C[C@@H](CCc2ccccc2)NC(=O)[C@@H]2CCCCN2C(=O)C(=O)C(C)(C)COC1=O";"QTFPYQNOTAGOGQ-WBHKFRPCSA-N";"InChI=1S/C81H103FN14O13/c1-4-5-24-63-79(108)109-49-81(2,3)70(99)78(107)96-42-16-14-27-67(96)77(106)88-59(37-32-50-18-7-6-8-19-50)48-69(98)89-62(38-39-68(84)97)73(102)93-64(45-51-30-35-58(82)36-31-51)74(103)91-61(26-17-41-87-80(85)86)71(100)90-60(25-13-15-40-83)72(101)94-66(47-53-29-34-55-21-10-12-23-57(55)44-53)76(105)95-65(75(104)92-63)46-52-28-33-54-20-9-11-22-56(54)43-52/h6-12,18-23,28-31,33-36,43-44,59-67H,4-5,13-17,24-27,32,37-42,45-49,83H2,1-3H3,(H2,84,97)(H,88,106)(H,89,98)(H,90,100)(H,91,103)(H,92,104)(H,93,102)(H,94,101)(H,95,105)(H4,85,86,87)/t59-,60-,61+,62+,63-,64+,65-,66-,67+/m1/s1";"False";"-1"
"CHEMBL3414697";"";"";"Small molecule";"";"244.25";"2";"8";"0.56";"80.47";"3";"1";"0";"3";"N";"0.79";"None";"None";"0.46";"0.46";"1";"MOL";"-1";"18";"5";"2";"0";"244.0848";"-0.49";"NEUTRAL";"C13H12N2O3";"CCN1C(=O)C=C(c2cccc(C(N)=O)c2)C1=O";"JDUXUTVXIXQZCH-UHFFFAOYSA-N";"InChI=1S/C13H12N2O3/c1-2-15-11(16)7-10(13(15)18)8-4-3-5-9(6-8)12(14)17/h3-7H,2H2,1H3,(H2,14,17)";"False";"-1"
"CHEMBL4084139";"";"";"Small molecule";"";"2518.98";"2";"12";"None";"None";"None";"None";"None";"None";"None";"None";"None";"None";"None";"None";"None";"MOL";"-1";"None";"None";"None";"None";"2517.3295";"None";"None";"C105H176N44O25S2";"CC[C@H](C)[C@@H]1NC(=O)[C@H](Cc2ccc(O)cc2)NC(=O)[C@H](C)NC(=O)[C@@H]2CCCN2C(=O)[C@@H](NC(=O)[C@H](CCCNC(=N)N)NC(=O)[C@H](CCCNC(=N)N)NC(=O)[C@H](CCCNC(=N)N)NC(=O)[C@H](CCCNC(=N)N)NC(C)=O)CSSC[C@@H](C(=O)N[C@@H](CCCNC(=N)N)C(=O)N[C@@H](CCCNC(=N)N)C(=O)N[C@@H](CCCNC(=N)N)C(=O)N[C@@H](CCCNC(=N)N)C(N)=O)NC(=O)[C@H](C(C)C)NC(=O)[C@@H]2CCCN2C(=O)[C@H](CC(=O)O)NC(=O)[C@H](Cc2ccc(O)cc2)NC(=O)[C@H](CO)NC1=O";"PQEWSIAVSMDXLM-KJIAAENESA-N";"InChI=1S/C105H176N44O25S2/c1-7-53(4)78-95(172)143-71(49-150)90(167)141-68(46-56-28-32-58(152)33-29-56)88(165)142-70(48-76(154)155)96(173)148-44-17-27-75(148)93(170)146-77(52(2)3)94(171)144-72(91(168)139-66(24-14-42-129-104(119)120)86(163)137-64(22-12-40-127-102(115)116)84(161)135-62(20-10-38-125-100(111)112)82(159)133-60(79(106)156)18-8-36-123-98(107)108)50-175-176-51-73(97(174)149-45-16-26-74(149)92(169)131-54(5)80(157)140-69(89(166)147-78)47-57-30-34-59(153)35-31-57)145-87(164)67(25-15-43-130-105(121)122)138-85(162)65(23-13-41-128-103(117)118)136-83(160)63(21-11-39-126-101(113)114)134-81(158)61(132-55(6)151)19-9-37-124-99(109)110/h28-35,52-54,60-75,77-78,150,152-153H,7-27,36-51H2,1-6H3,(H2,106,156)(H,131,169)(H,132,151)(H,133,159)(H,134,158)(H,135,161)(H,136,160)(H,137,163)(H,138,162)(H,139,168)(H,140,157)(H,141,167)(H,142,165)(H,143,172)(H,144,171)(H,145,164)(H,146,170)(H,147,166)(H,154,155)(H4,107,108,123)(H4,109,110,124)(H4,111,112,125)(H4,113,114,126)(H4,115,116,127)(H4,117,118,128)(H4,119,120,129)(H4,121,122,130)/t53-,54-,60-,61-,62-,63-,64-,65-,66-,67-,68-,69-,70-,71-,72-,73-,74-,75-,77-,78-/m0/s1";"False";"-1"
"CHEMBL3218637";"";"";"Small molecule";"";"1377.61";"1";"1";"None";"None";"None";"None";"None";"None";"None";"None";"None";"None";"None";"None";"None";"MOL";"-1";"None";"None";"None";"None";"1376.6917";"None";"None";"C72H92N14O14";"CC1(C)COC(=O)[C@H](Cc2ccccc2)NC(=O)[C@H](CCCNC(=N)N)NC(=O)CNC(=O)[C@H](Cc2ccc(O)cc2)NC(=O)[C@@H](Cc2ccc3ccccc3c2)NC(=O)[C@H](CCCN)NC(=O)[C@H](CCC(N)=O)NC(=O)C[C@@H](CCc2ccccc2)NC(=O)[C@@H]2CCCCN2C(=O)C1=O";"KGLOEUYWNJLLKF-XZOOPJDLSA-N";"InChI=1S/C72H92N14O14/c1-72(2)43-100-70(99)57(39-45-17-7-4-8-18-45)85-64(93)52(22-14-35-77-71(75)76)81-61(90)42-78-63(92)55(38-46-26-30-51(87)31-27-46)83-67(96)56(40-47-24-28-48-19-9-10-20-49(48)37-47)84-65(94)53(21-13-34-73)82-66(95)54(32-33-59(74)88)80-60(89)41-50(29-25-44-15-5-3-6-16-44)79-68(97)58-23-11-12-36-86(58)69(98)62(72)91/h3-10,15-20,24,26-28,30-31,37,50,52-58,87H,11-14,21-23,25,29,32-36,38-43,73H2,1-2H3,(H2,74,88)(H,78,92)(H,79,97)(H,80,89)(H,81,90)(H,82,95)(H,83,96)(H,84,94)(H,85,93)(H4,75,76,77)/t50-,52+,53+,54+,55+,56-,57+,58+/m1/s1";"False";"-1"
"CHEMBL4072295";"";"";"Small molecule";"";"2561.06";"5";"44";"None";"None";"None";"None";"None";"None";"None";"None";"None";"None";"None";"None";"None";"MOL";"-1";"None";"None";"None";"None";"2559.3764";"None";"None";"C108H182N44O25S2";"CC[C@H](C)[C@@H]1NC(=O)[C@H](Cc2ccc(O)cc2)NC(=O)[C@H](CC(C)C)NC(=O)[C@@H]2CCCN2C(=O)[C@@H](NC(=O)[C@H](CCCNC(=N)N)NC(=O)[C@H](CCCNC(=N)N)NC(=O)[C@H](CCCNC(=N)N)NC(=O)[C@H](CCCNC(=N)N)NC(C)=O)CSSC[C@@H](C(=O)N[C@@H](CCCNC(=N)N)C(=O)N[C@@H](CCCNC(=N)N)C(=O)N[C@@H](CCCNC(=N)N)C(=O)N[C@@H](CCCNC(=N)N)C(N)=O)NC(=O)[C@H](C(C)C)NC(=O)[C@@H]2CCCN2C(=O)[C@H](CC(=O)O)NC(=O)[C@H](Cc2ccc(O)cc2)NC(=O)[C@H](CO)NC1=O";"SVUZBYDIXUMDGY-WVEXBLHFSA-N";"InChI=1S/C108H182N44O25S2/c1-8-56(6)81-98(175)146-74(51-153)93(170)143-71(48-58-29-33-60(155)34-30-58)91(168)145-73(50-79(157)158)99(176)151-45-18-28-78(151)96(173)149-80(55(4)5)97(174)147-75(94(171)141-68(25-15-43-132-107(122)123)88(165)139-66(23-13-41-130-105(118)119)86(163)137-64(21-11-39-128-103(114)115)84(161)135-62(82(109)159)19-9-37-126-101(110)111)52-178-179-53-76(100(177)152-46-17-27-77(152)95(172)144-70(47-54(2)3)90(167)142-72(92(169)150-81)49-59-31-35-61(156)36-32-59)148-89(166)69(26-16-44-133-108(124)125)140-87(164)67(24-14-42-131-106(120)121)138-85(162)65(22-12-40-129-104(116)117)136-83(160)63(134-57(7)154)20-10-38-127-102(112)113/h29-36,54-56,62-78,80-81,153,155-156H,8-28,37-53H2,1-7H3,(H2,109,159)(H,134,154)(H,135,161)(H,136,160)(H,137,163)(H,138,162)(H,139,165)(H,140,164)(H,141,171)(H,142,167)(H,143,170)(H,144,172)(H,145,168)(H,146,175)(H,147,174)(H,148,166)(H,149,173)(H,150,169)(H,157,158)(H4,110,111,126)(H4,112,113,127)(H4,114,115,128)(H4,116,117,129)(H4,118,119,130)(H4,120,121,131)(H4,122,123,132)(H4,124,125,133)/t56-,62-,63-,64-,65-,66-,67-,68-,69-,70-,71-,72-,73-,74-,75-,76-,77-,78-,80-,81-/m0/s1";"False";"-1"
"CHEMBL3940096";"";"";"Small molecule";"";"445.54";"1";"1";"2.11";"94.09";"6";"2";"0";"9";"N";"0.61";"10.12";"None";"2.45";"2.45";"2";"MOL";"-1";"31";"7";"2";"0";"445.1559";"0.49";"NEUTRAL";"C23H27NO6S";"C=Cc1ccccc1S(=O)(=O)NC[C@@H]1C[C@@H]2O[C@H](CO)[C@@H](OCc3ccccc3)[C@@H]2O1";"AKQTWWLWVXWDCR-ZYSLNFODSA-N";"InChI=1S/C23H27NO6S/c1-2-17-10-6-7-11-21(17)31(26,27)24-13-18-12-19-23(29-18)22(20(14-25)30-19)28-15-16-8-4-3-5-9-16/h2-11,18-20,22-25H,1,12-15H2/t18-,19-,20+,22+,23+/m0/s1";"False";"-1"
"CHEMBL3577115";"";"";"Small molecule";"";"478.53";"11";"30";"5.19";"114.08";"7";"3";"1";"5";"N";"0.36";"7.09";"5.83";"3.75";"3.54";"4";"MOL";"-1";"35";"9";"3";"1";"478.2129";"-1.68";"NEUTRAL";"C25H27FN6O3";"CCn1c(=O)c(-c2ccc(F)c(NC(=O)Nc3cc(C(C)(C)C)no3)c2)cc2cnc(NC)cc21";"BWWSAKOFIQJSSK-UHFFFAOYSA-N";"InChI=1S/C25H27FN6O3/c1-6-32-19-11-21(27-5)28-13-15(19)9-16(23(32)33)14-7-8-17(26)18(10-14)29-24(34)30-22-12-20(31-35-22)25(2,3)4/h7-13H,6H2,1-5H3,(H,27,28)(H2,29,30,34)";"False";"-1"
"CHEMBL3218635";"";"";"Small molecule";"";"1396.59";"1";"1";"None";"None";"None";"None";"None";"None";"None";"None";"None";"None";"None";"None";"None";"MOL";"-1";"None";"None";"None";"None";"1395.7099";"None";"None";"C67H94FN17O15";"CC(C)[C@@H]1NC(=O)[C@@H](CC(N)=O)NC(=O)[C@H](CCCNC(=N)N)NC(=O)[C@H](CCCNC(=N)N)NC(=O)[C@H](Cc2ccc(F)cc2)NC(=O)[C@H](Cc2ccc(O)cc2)NC(=O)[C@H](CCC(N)=O)NC(=O)C[C@@H](CCc2ccccc2)NC(=O)[C@@H]2CCCCN2C(=O)C(=O)C(C)(C)COC1=O";"MOGVORJDAHDGBV-GTTJADIHSA-N";"InChI=1S/C67H94FN17O15/c1-37(2)54-64(99)100-36-67(3,4)55(90)63(98)85-31-9-8-16-50(85)62(97)77-42(24-19-38-12-6-5-7-13-38)34-53(89)78-46(27-28-51(69)87)58(93)81-48(33-40-20-25-43(86)26-21-40)60(95)82-47(32-39-17-22-41(68)23-18-39)59(94)80-44(14-10-29-75-65(71)72)56(91)79-45(15-11-30-76-66(73)74)57(92)83-49(35-52(70)88)61(96)84-54/h5-7,12-13,17-18,20-23,25-26,37,42,44-50,54,86H,8-11,14-16,19,24,27-36H2,1-4H3,(H2,69,87)(H2,70,88)(H,77,97)(H,78,89)(H,79,91)(H,80,94)(H,81,93)(H,82,95)(H,83,92)(H,84,96)(H4,71,72,75)(H4,73,74,76)/t42-,44+,45+,46+,47+,48+,49-,50+,54+/m1/s1";"False";"-1"
"CHEMBL285848";"MANUMYCIN A";"";"Small molecule";"";"550.65";"25";"41";"3.70";"145.33";"7";"4";"1";"12";"N";"0.16";"9.04";"None";"3.06";"3.05";"0";"MOL";"-1";"40";"9";"4";"1";"550.2679";"1.81";"NEUTRAL";"C31H38N2O7";"CCCC[C@@H](C)/C=C(C)/C=C(\C)C(=O)NC1=C[C@@](O)(/C=C/C=C/C=C/C(=O)NC2=C(O)CCC2=O)[C@@H]2O[C@@H]2C1=O";"TWWQHCKLTXDWBD-MVTGTTCWSA-N";"InChI=1S/C31H38N2O7/c1-5-6-11-19(2)16-20(3)17-21(4)30(38)32-22-18-31(39,29-28(40-29)27(22)37)15-10-8-7-9-12-25(36)33-26-23(34)13-14-24(26)35/h7-10,12,15-19,28-29,34,39H,5-6,11,13-14H2,1-4H3,(H,32,38)(H,33,36)/b8-7+,12-9+,15-10+,20-16+,21-17+/t19-,28-,29-,31+/m1/s1";"False";"-1"
"CHEMBL3414698";"";"";"Small molecule";"";"270.24";"2";"5";"1.03";"98.47";"4";"1";"0";"3";"N";"0.83";"3.77";"None";"1.13";"-2.15";"1";"MOL";"-1";"20";"6";"1";"0";"270.0641";"-0.48";"ACID";"C14H10N2O4";"CCN1C(=O)C=C(c2cc(C#N)cc(C(=O)O)c2)C1=O";"WWCWHGQWMDVALN-UHFFFAOYSA-N";"InChI=1S/C14H10N2O4/c1-2-16-12(17)6-11(13(16)18)9-3-8(7-15)4-10(5-9)14(19)20/h3-6H,2H2,1H3,(H,19,20)";"False";"-1"
"CHEMBL3577114";"";"";"Small molecule";"";"520.57";"10";"15";"5.14";"123.31";"8";"3";"2";"5";"N";"0.33";"7.07";"6.62";"3.31";"3.09";"4";"MOL";"-1";"38";"10";"3";"2";"520.2234";"-1.34";"NEUTRAL";"C27H29FN6O4";"CNc1cc2c(cn1)cc(-c1ccc(F)c(NC(=O)Nc3cc(C(C)(C)C)no3)c1)c(=O)n2[C@H]1CCOC1";"BIYLXMSIYSWZMT-KRWDZBQOSA-N";"InChI=1S/C27H29FN6O4/c1-27(2,3)22-12-24(38-33-22)32-26(36)31-20-10-15(5-6-19(20)28)18-9-16-13-30-23(29-4)11-21(16)34(25(18)35)17-7-8-37-14-17/h5-6,9-13,17H,7-8,14H2,1-4H3,(H,29,30)(H2,31,32,36)/t17-/m0/s1";"False";"-1"
"CHEMBL3896948";"";"";"Small molecule";"";"535.66";"1";"1";"4.34";"83.09";"6";"1";"1";"12";"N";"0.37";"10.26";"None";"4.82";"4.82";"3";"MOL";"-1";"38";"7";"1";"1";"535.2029";"0.12";"NEUTRAL";"C30H33NO6S";"C=Cc1ccc(S(=O)(=O)NC[C@H]2C[C@@H]3O[C@H](COCc4ccccc4)[C@@H](OCc4ccccc4)[C@@H]3O2)cc1";"ONKYYZCODKGOMH-PMPPGDGWSA-N";"InChI=1S/C30H33NO6S/c1-2-22-13-15-26(16-14-22)38(32,33)31-18-25-17-27-30(36-25)29(35-20-24-11-7-4-8-12-24)28(37-27)21-34-19-23-9-5-3-6-10-23/h2-16,25,27-31H,1,17-21H2/t25-,27+,28-,29-,30-/m1/s1";"False";"-1"
"CHEMBL4075048";"";"";"Small molecule";"";"2535.02";"2";"6";"None";"None";"None";"None";"None";"None";"None";"None";"None";"None";"None";"None";"None";"MOL";"-1";"None";"None";"None";"None";"2533.3608";"None";"None";"C106H180N44O25S2";"CC[C@H](C)[C@@H]1NC(=O)[C@H](Cc2ccc(O)cc2)NC(=O)[C@H](CC(C)C)NC(=O)[C@H](C)NC(=O)[C@@H](NC(=O)[C@H](CCCNC(=N)N)NC(=O)[C@H](CCCNC(=N)N)NC(=O)[C@H](CCCNC(=N)N)NC(=O)[C@H](CCCNC(=N)N)NC(C)=O)CSSC[C@@H](C(=O)N[C@@H](CCCNC(=N)N)C(=O)N[C@@H](CCCNC(=N)N)C(=O)N[C@@H](CCCNC(=N)N)C(=O)N[C@@H](CCCNC(=N)N)C(N)=O)NC(=O)[C@H](C(C)C)NC(=O)[C@@H]2CCCN2C(=O)[C@H](CC(=O)O)NC(=O)[C@H](Cc2ccc(O)cc2)NC(=O)[C@H](CO)NC1=O";"ZJERQNYSUCZBJD-DWYUSWDISA-N";"InChI=1S/C106H180N44O25S2/c1-9-54(6)79-97(174)145-73(49-151)92(169)143-70(46-57-28-32-59(153)33-29-57)90(167)144-72(48-77(155)156)98(175)150-44-18-27-76(150)95(172)148-78(53(4)5)96(173)147-75(94(171)140-67(25-16-42-130-105(120)121)87(164)138-65(23-14-40-128-103(116)117)85(162)136-63(21-12-38-126-101(112)113)83(160)134-61(80(107)157)19-10-36-124-99(108)109)51-177-176-50-74(93(170)132-55(7)81(158)141-69(45-52(2)3)89(166)142-71(91(168)149-79)47-58-30-34-60(154)35-31-58)146-88(165)68(26-17-43-131-106(122)123)139-86(163)66(24-15-41-129-104(118)119)137-84(161)64(22-13-39-127-102(114)115)135-82(159)62(133-56(8)152)20-11-37-125-100(110)111/h28-35,52-55,61-76,78-79,151,153-154H,9-27,36-51H2,1-8H3,(H2,107,157)(H,132,170)(H,133,152)(H,134,160)(H,135,159)(H,136,162)(H,137,161)(H,138,164)(H,139,163)(H,140,171)(H,141,158)(H,142,166)(H,143,169)(H,144,167)(H,145,174)(H,146,165)(H,147,173)(H,148,172)(H,149,168)(H,155,156)(H4,108,109,124)(H4,110,111,125)(H4,112,113,126)(H4,114,115,127)(H4,116,117,128)(H4,118,119,129)(H4,120,121,130)(H4,122,123,131)/t54-,55-,61-,62-,63-,64-,65-,66-,67-,68-,69-,70-,71-,72-,73-,74-,75-,76-,78-,79-/m0/s1";"False";"-1"
"CHEMBL4278453";"";"";"Small molecule";"";"513.79";"8";"8";"2.42";"87.74";"5";"2";"1";"7";"N";"0.55";"11.63";"2.05";"1.20";"1.20";"1";"MOL";"-1";"26";"7";"2";"1";"512.9986";"-1.55";"NEUTRAL";"C16H21ClIN3O4S";"C=CS(=O)(=O)NC1CCN(C(=O)CNc2cc(I)c(Cl)cc2OC)CC1";"ZGUSBCDCZNBNQT-UHFFFAOYSA-N";"InChI=1S/C16H21ClIN3O4S/c1-3-26(23,24)20-11-4-6-21(7-5-11)16(22)10-19-14-9-13(18)12(17)8-15(14)25-2/h3,8-9,11,19-20H,1,4-7,10H2,2H3";"False";"-1"
"CHEMBL3414695";"";"";"Small molecule";"";"215.23";"2";"5";"-0.90";"71.52";"4";"0";"0";"1";"N";"0.53";"None";"None";"-1.63";"-1.63";"0";"MOL";"-1";"14";"5";"0";"0";"215.0252";"-1.04";"NEUTRAL";"C8H9NO4S";"O=C1C=CC(=O)N1C1CCS(=O)(=O)C1";"MUGWIIWRHNEHEF-UHFFFAOYSA-N";"InChI=1S/C8H9NO4S/c10-7-1-2-8(11)9(7)6-3-4-14(12,13)5-6/h1-2,6H,3-5H2";"False";"-1"
"CHEMBL3577118";"";"";"Small molecule";"";"405.55";"6";"8";"5.51";"78.94";"4";"3";"1";"5";"N";"0.52";"13.82";"4.43";"4.31";"4.31";"3";"MOL";"-1";"30";"6";"3";"1";"405.2529";"-1.40";"NEUTRAL";"C24H31N5O";"CNc1cc2nc(C)c(-c3cc(NC(=O)NCCC(C)(C)C)ccc3C)cc2cn1";"WLXZGXQZOPTKEN-UHFFFAOYSA-N";"InChI=1S/C24H31N5O/c1-15-7-8-18(29-23(30)26-10-9-24(3,4)5)12-19(15)20-11-17-14-27-22(25-6)13-21(17)28-16(20)2/h7-8,11-14H,9-10H2,1-6H3,(H,25,27)(H2,26,29,30)";"False";"-1"
"CHEMBL3577124";"LY-3009120";"DP-4978|LY-3009120|LY3009120|PAN-RAF INHIBITOR LY3009120";"Small molecule";"1.0";"424.52";"40";"108";"5.05";"91.83";"5";"3";"1";"5";"N";"0.53";"11.61";"4.34";"4.16";"4.16";"3";"MOL";"0";"31";"7";"3";"1";"424.2387";"-1.35";"NEUTRAL";"C23H29FN6O";"CNc1ncc2cc(-c3cc(NC(=O)NCCC(C)(C)C)c(F)cc3C)c(C)nc2n1";"HHCBMISMPSAZBF-UHFFFAOYSA-N";"InChI=1S/C23H29FN6O/c1-13-9-18(24)19(29-22(31)26-8-7-23(3,4)5)11-16(13)17-10-15-12-27-21(25-6)30-20(15)28-14(17)2/h9-12H,7-8H2,1-6H3,(H2,26,29,31)(H,25,27,28,30)";"False";"0"
"CHEMBL4535757";"SOTORASIB";"AMG-510|AMG510|KRAS G12C INHIBITOR 9|KRAS MUTANT-TARGETING AMG 510|LUMAKRAS|Lumykras|SOTORASIB";"Small molecule";"4.0";"560.61";"13";"84";"4.48";"104.45";"8";"1";"1";"5";"N";"0.36";"6.98";"4.74";"4.74";"4.18";"4";"MOL";"0";"41";"9";"1";"1";"560.2347";"-0.59";"NEUTRAL";"C30H30F2N6O3";"C=CC(=O)N1CCN(c2nc(=O)n(-c3c(C)ccnc3C(C)C)c3nc(-c4c(O)cccc4F)c(F)cc23)[C@@H](C)C1";"NXQKSXLFSAEQCZ-SFHVURJKSA-N";"InChI=1S/C30H30F2N6O3/c1-6-23(40)36-12-13-37(18(5)15-36)28-19-14-21(32)26(24-20(31)8-7-9-22(24)39)34-29(19)38(30(41)35-28)27-17(4)10-11-33-25(27)16(2)3/h6-11,14,16,18,39H,1,12-13,15H2,2-5H3/t18-/m0/s1";"False";"0"
"CHEMBL5077861";"OPNURASIB";"JDQ 443|JDQ-443|JDQ443|NVP-JDQ-443|OPNURASIB";"Small molecule";"3.0";"526.04";"12";"76";"5.60";"84.63";"6";"1";"2";"4";"N";"0.31";"12.77";"2.32";"4.31";"4.31";"5";"MOL";"0";"38";"8";"1";"2";"525.2044";"-1.00";"NEUTRAL";"C29H28ClN7O";"C=CC(=O)N1CC2(CC(n3nc(-c4ccc5c(cnn5C)c4)c(-c4c(Cl)c(C)cc5[nH]ncc45)c3C)C2)C1";"AZUYLZMQTIKGSC-UHFFFAOYSA-N";"InChI=1S/C29H28ClN7O/c1-5-24(38)36-14-29(15-36)10-20(11-29)37-17(3)25(26-21-13-31-33-22(21)8-16(2)27(26)30)28(34-37)18-6-7-23-19(9-18)12-32-35(23)4/h5-9,12-13,20H,1,10-11,14-15H2,2-4H3,(H,31,33)";"False";"0"
"CHEMBL4293433";"";"";"Small molecule";"";"449.68";"4";"9";"1.92";"72.88";"4";"2";"0";"4";"N";"0.42";"9.00";"2.31";"1.62";"1.61";"1";"MOL";"-1";"23";"6";"2";"0";"449.0003";"-0.89";"NEUTRAL";"C15H17ClIN3O3";"C=CC(=O)N1CCN(C(=O)CNc2cc(I)c(Cl)cc2O)CC1";"JFIFBWVNHLXJFY-UHFFFAOYSA-N";"InChI=1S/C15H17ClIN3O3/c1-2-14(22)19-3-5-20(6-4-19)15(23)9-18-12-8-11(17)10(16)7-13(12)21/h2,7-8,18,21H,1,3-6,9H2";"False";"-1"
"CHEMBL4099289";"";"";"Small molecule";"";"2603.14";"2";"6";"None";"None";"None";"None";"None";"None";"None";"None";"None";"None";"None";"None";"None";"MOL";"-1";"None";"None";"None";"None";"2601.4234";"None";"None";"C111H188N44O25S2";"CC[C@H](C)[C@@H]1NC(=O)[C@H](Cc2ccc(O)cc2)NC(=O)[C@H](CC(C)C)NC(=O)[C@@H]2CCCN2C(=O)[C@@H](NC(=O)[C@H](CCCNC(=N)N)NC(=O)[C@H](CCCNC(=N)N)NC(=O)[C@H](CCCNC(=N)N)NC(=O)[C@H](CCCNC(=N)N)NC(C)=O)CSCCCSC[C@@H](C(=O)N[C@@H](CCCNC(=N)N)C(=O)N[C@@H](CCCNC(=N)N)C(=O)N[C@@H](CCCNC(=N)N)C(=O)N[C@@H](CCCNC(=N)N)C(N)=O)NC(=O)[C@H](C(C)C)NC(=O)[C@@H]2CCCN2C(=O)[C@H](CC(=O)O)NC(=O)[C@H](Cc2ccc(O)cc2)NC(=O)[C@H](CO)NC1=O";"BQCJBGRYZXQOJI-NRRUHYSXSA-N";"InChI=1S/C111H188N44O25S2/c1-8-59(6)84-101(178)149-77(54-156)96(173)146-74(51-61-30-34-63(158)35-31-61)94(171)148-76(53-82(160)161)102(179)154-46-18-29-81(154)99(176)152-83(58(4)5)100(177)150-78(97(174)144-71(26-15-44-135-110(125)126)91(168)142-69(24-13-42-133-108(121)122)89(166)140-67(22-11-40-131-106(117)118)87(164)138-65(85(112)162)20-9-38-129-104(113)114)55-181-48-19-49-182-56-79(103(180)155-47-17-28-80(155)98(175)147-73(50-57(2)3)93(170)145-75(95(172)153-84)52-62-32-36-64(159)37-33-62)151-92(169)72(27-16-45-136-111(127)128)143-90(167)70(25-14-43-134-109(123)124)141-88(165)68(23-12-41-132-107(119)120)139-86(163)66(137-60(7)157)21-10-39-130-105(115)116/h30-37,57-59,65-81,83-84,156,158-159H,8-29,38-56H2,1-7H3,(H2,112,162)(H,137,157)(H,138,164)(H,139,163)(H,140,166)(H,141,165)(H,142,168)(H,143,167)(H,144,174)(H,145,170)(H,146,173)(H,147,175)(H,148,171)(H,149,178)(H,150,177)(H,151,169)(H,152,176)(H,153,172)(H,160,161)(H4,113,114,129)(H4,115,116,130)(H4,117,118,131)(H4,119,120,132)(H4,121,122,133)(H4,123,124,134)(H4,125,126,135)(H4,127,128,136)/t59-,65-,66-,67-,68-,69-,70-,71-,72-,73-,74-,75-,76-,77-,78-,79-,80-,81-,83-,84-/m0/s1";"False";"-1"
"CHEMBL4081818";"";"";"Small molecule";"";"2545.06";"2";"6";"None";"None";"None";"None";"None";"None";"None";"None";"None";"None";"None";"None";"None";"MOL";"-1";"None";"None";"None";"None";"2543.3815";"None";"None";"C108H182N44O24S2";"CC[C@H](C)[C@@H]1NC(=O)[C@H](Cc2ccc(O)cc2)NC(=O)[C@H](CC(C)C)NC(=O)[C@@H]2CCCN2C(=O)[C@@H](NC(=O)[C@H](CCCNC(=N)N)NC(=O)[C@H](CCCNC(=N)N)NC(=O)[C@H](CCCNC(=N)N)NC(=O)[C@H](CCCNC(=N)N)NC(C)=O)CSSC[C@@H](C(=O)N[C@@H](CCCNC(=N)N)C(=O)N[C@@H](CCCNC(=N)N)C(=O)N[C@@H](CCCNC(=N)N)C(=O)N[C@@H](CCCNC(=N)N)C(N)=O)NC(=O)[C@H](C(C)C)NC(=O)[C@@H]2CCCN2C(=O)[C@H](CC(=O)O)NC(=O)[C@H](Cc2ccc(O)cc2)NC(=O)[C@H](C)NC1=O";"XGGKXZLMFNTAIQ-DOBVYHFCSA-N";"InChI=1S/C108H182N44O24S2/c1-9-56(6)81-98(174)134-57(7)83(159)143-72(49-59-30-34-61(154)35-31-59)92(168)146-74(51-79(156)157)99(175)151-46-19-29-78(151)96(172)149-80(55(4)5)97(173)147-75(94(170)142-69(26-16-44-132-107(122)123)89(165)140-67(24-14-42-130-105(118)119)87(163)138-65(22-12-40-128-103(114)115)85(161)136-63(82(109)158)20-10-38-126-101(110)111)52-177-178-53-76(100(176)152-47-18-28-77(152)95(171)145-71(48-54(2)3)91(167)144-73(93(169)150-81)50-60-32-36-62(155)37-33-60)148-90(166)70(27-17-45-133-108(124)125)141-88(164)68(25-15-43-131-106(120)121)139-86(162)66(23-13-41-129-104(116)117)137-84(160)64(135-58(8)153)21-11-39-127-102(112)113/h30-37,54-57,63-78,80-81,154-155H,9-29,38-53H2,1-8H3,(H2,109,158)(H,134,174)(H,135,153)(H,136,161)(H,137,160)(H,138,163)(H,139,162)(H,140,165)(H,141,164)(H,142,170)(H,143,159)(H,144,167)(H,145,171)(H,146,168)(H,147,173)(H,148,166)(H,149,172)(H,150,169)(H,156,157)(H4,110,111,126)(H4,112,113,127)(H4,114,115,128)(H4,116,117,129)(H4,118,119,130)(H4,120,121,131)(H4,122,123,132)(H4,124,125,133)/t56-,57-,63-,64-,65-,66-,67-,68-,69-,70-,71-,72-,73-,74-,75-,76-,77-,78-,80-,81-/m0/s1";"False";"-1"
"CHEMBL4075783";"";"";"Small molecule";"";"2518.98";"2";"12";"None";"None";"None";"None";"None";"None";"None";"None";"None";"None";"None";"None";"None";"MOL";"-1";"None";"None";"None";"None";"2517.3295";"None";"None";"C105H176N44O25S2";"CC(=O)N[C@@H](CCCNC(=N)N)C(=O)N[C@@H](CCCNC(=N)N)C(=O)N[C@@H](CCCNC(=N)N)C(=O)N[C@@H](CCCNC(=N)N)C(=O)N[C@H]1CSSC[C@@H](C(=O)N[C@@H](CCCNC(=N)N)C(=O)N[C@@H](CCCNC(=N)N)C(=O)N[C@@H](CCCNC(=N)N)C(=O)N[C@@H](CCCNC(=N)N)C(N)=O)NC(=O)[C@H](C(C)C)NC(=O)[C@@H]2CCCN2C(=O)[C@H](CC(=O)O)NC(=O)[C@H](Cc2ccc(O)cc2)NC(=O)[C@H](CO)NC(=O)[C@H](C)NC(=O)[C@H](Cc2ccc(O)cc2)NC(=O)[C@H](CC(C)C)NC(=O)[C@@H]2CCCN2C1=O";"OBCZAOGMEUMIQZ-OXENOOMASA-N";"InChI=1S/C105H176N44O25S2/c1-52(2)45-68-89(166)140-69(46-56-27-31-58(152)32-28-56)88(165)131-54(5)80(157)144-72(49-150)91(168)141-70(47-57-29-33-59(153)34-30-57)90(167)143-71(48-77(154)155)96(173)148-43-16-26-76(148)94(171)147-78(53(3)4)95(172)145-73(92(169)139-66(23-13-41-129-104(119)120)86(163)137-64(21-11-39-127-102(115)116)84(161)135-62(19-9-37-125-100(111)112)82(159)133-60(79(106)156)17-7-35-123-98(107)108)50-175-176-51-74(97(174)149-44-15-25-75(149)93(170)142-68)146-87(164)67(24-14-42-130-105(121)122)138-85(162)65(22-12-40-128-103(117)118)136-83(160)63(20-10-38-126-101(113)114)134-81(158)61(132-55(6)151)18-8-36-124-99(109)110/h27-34,52-54,60-76,78,150,152-153H,7-26,35-51H2,1-6H3,(H2,106,156)(H,131,165)(H,132,151)(H,133,159)(H,134,158)(H,135,161)(H,136,160)(H,137,163)(H,138,162)(H,139,169)(H,140,166)(H,141,168)(H,142,170)(H,143,167)(H,144,157)(H,145,172)(H,146,164)(H,147,171)(H,154,155)(H4,107,108,123)(H4,109,110,124)(H4,111,112,125)(H4,113,114,126)(H4,115,116,127)(H4,117,118,128)(H4,119,120,129)(H4,121,122,130)/t54-,60-,61-,62-,63-,64-,65-,66-,67-,68-,69-,70-,71-,72-,73-,74-,75-,76-,78-/m0/s1";"False";"-1"
"CHEMBL3904433";"";"";"Small molecule";"";"574.81";"1";"4";"-1.57";"261.44";"13";"7";"3";"12";"N";"0.09";"1.00";"0.34";"-4.40";"-8.64";"2";"MOL";"-1";"36";"17";"8";"3";"574.0745";"0.47";"ACID";"C16H25ClN6O11P2";"Nc1nc2c(ncn2[C@@H]2O[C@H](COP(=O)(O)CP(=O)(O)OCCCNC(=O)CCl)[C@@H](O)[C@H]2O)c(=O)[nH]1";"UOWLHPKQZGPXSN-PMXXHBEXSA-N";"InChI=1S/C16H25ClN6O11P2/c17-4-9(24)19-2-1-3-32-35(28,29)7-36(30,31)33-5-8-11(25)12(26)15(34-8)23-6-20-10-13(23)21-16(18)22-14(10)27/h6,8,11-12,15,25-26H,1-5,7H2,(H,19,24)(H,28,29)(H,30,31)(H3,18,21,22,27)/t8-,11-,12-,15-/m1/s1";"False";"-1"
"CHEMBL4858364";"MRTX-1133";"MRTX-1133|MRTX1133";"Small molecule";"1.0";"600.65";"4";"8";"4.71";"86.64";"8";"2";"1";"5";"N";"0.32";"9.17";"9.86";"4.25";"2.32";"4";"MOL";"0";"44";"8";"2";"1";"600.2461";"-0.19";"BASE";"C33H31F3N6O2";"C#Cc1c(F)ccc2cc(O)cc(-c3ncc4c(N5CC6CCC(C5)N6)nc(OC[C@@]56CCCN5C[C@H](F)C6)nc4c3F)c12";"SCLLZBIBSFTLIN-IFMUVJFISA-N";"InChI=1S/C33H31F3N6O2/c1-2-23-26(35)7-4-18-10-22(43)11-24(27(18)23)29-28(36)30-25(13-37-29)31(41-15-20-5-6-21(16-41)38-20)40-32(39-30)44-17-33-8-3-9-42(33)14-19(34)12-33/h1,4,7,10-11,13,19-21,38,43H,3,5-6,8-9,12,14-17H2/t19-,20?,21?,33+/m1/s1";"False";"0"
"CHEMBL3936077";"";"";"Small molecule";"";"567.39";"1";"2";"-0.81";"258.64";"14";"6";"3";"12";"N";"0.08";"1.01";"0.34";"-2.69";"-6.94";"2";"MOL";"-1";"37";"17";"7";"3";"567.1131";"1.12";"ACID";"C18H27N5O12P2";"COC(=O)/C=C/CCCOP(=O)(O)CP(=O)(O)OC[C@H]1O[C@@H](n2cnc3c(=O)[nH]c(N)nc32)[C@H](O)[C@@H]1O";"RICQAAIVQFODTH-WKBZEZDXSA-N";"InChI=1S/C18H27N5O12P2/c1-32-11(24)5-3-2-4-6-33-36(28,29)9-37(30,31)34-7-10-13(25)14(26)17(35-10)23-8-20-12-15(23)21-18(19)22-16(12)27/h3,5,8,10,13-14,17,25-26H,2,4,6-7,9H2,1H3,(H,28,29)(H,30,31)(H3,19,21,22,27)/b5-3+/t10-,13-,14-,17-/m1/s1";"False";"-1"
"CHEMBL3922435";"";"";"Small molecule";"";"540.32";"1";"4";"-2.13";"270.67";"14";"7";"3";"11";"N";"0.09";"1.86";"0.43";"-3.27";"-7.84";"2";"MOL";"-1";"35";"18";"8";"3";"540.0771";"0.97";"ACID";"C15H22N6O12P2";"C=CC(=O)NCCOP(=O)(O)OP(=O)(O)OC[C@H]1O[C@@H](n2cnc3c(=O)[nH]c(N)nc32)[C@H](O)[C@@H]1O";"YXTDDSRNWJLBJR-FRJWGUMJSA-N";"InChI=1S/C15H22N6O12P2/c1-2-8(22)17-3-4-30-34(26,27)33-35(28,29)31-5-7-10(23)11(24)14(32-7)21-6-18-9-12(21)19-15(16)20-13(9)25/h2,6-7,10-11,14,23-24H,1,3-5H2,(H,17,22)(H,26,27)(H,28,29)(H3,16,19,20,25)/t7-,10-,11-,14-/m1/s1";"False";"-1"
"CHEMBL3940601";"";"";"Small molecule";"";"524.81";"1";"4";"-2.58";"241.21";"13";"6";"3";"10";"N";"0.08";"1.49";"0.40";"-4.02";"-6.12";"2";"MOL";"-1";"34";"16";"7";"3";"524.0824";"0.51";"ACID";"C16H22ClN6O10P";"Nc1nc2c(ncn2[C@@H]2O[C@H](COC(=O)CP(=O)(O)OCCNC(=O)CCl)[C@@H](O)[C@H]2O)c(=O)[nH]1";"HIPAEAPENGHRMN-UHEGPQQHSA-N";"InChI=1S/C16H22ClN6O10P/c17-3-8(24)19-1-2-32-34(29,30)5-9(25)31-4-7-11(26)12(27)15(33-7)23-6-20-10-13(23)21-16(18)22-14(10)28/h6-7,11-12,15,26-27H,1-5H2,(H,19,24)(H,29,30)(H3,18,21,22,28)/t7-,11-,12-,15-/m1/s1";"False";"-1"
"CHEMBL3978230";"";"";"Small molecule";"";"352.46";"1";"1";"3.87";"58.20";"3";"2";"0";"7";"N";"0.63";"10.26";"4.14";"3.80";"3.80";"3";"MOL";"-1";"25";"4";"2";"0";"352.1245";"-1.15";"NEUTRAL";"C20H20N2O2S";"C=Cc1ccc(S(=O)(=O)NCCNc2ccc3ccccc3c2)cc1";"HEJZJHYKDKJBRZ-UHFFFAOYSA-N";"InChI=1S/C20H20N2O2S/c1-2-16-7-11-20(12-8-16)25(23,24)22-14-13-21-19-10-9-17-5-3-4-6-18(17)15-19/h2-12,15,21-22H,1,13-14H2";"False";"-1"
"CHEMBL3943329";"";"";"Small molecule";"";"459.56";"1";"1";"2.78";"83.09";"6";"1";"0";"11";"N";"0.56";"10.40";"None";"2.70";"2.70";"2";"MOL";"-1";"32";"7";"1";"0";"459.1716";"0.45";"NEUTRAL";"C24H29NO6S";"C=CS(=O)(=O)NC[C@H]1C[C@@H]2O[C@H](COCc3ccccc3)[C@@H](OCc3ccccc3)[C@@H]2O1";"OSTBDBSZVMPDCC-KEJFTWOCSA-N";"InChI=1S/C24H29NO6S/c1-2-32(26,27)25-14-20-13-21-24(30-20)23(29-16-19-11-7-4-8-12-19)22(31-21)17-28-15-18-9-5-3-6-10-18/h2-12,20-25H,1,13-17H2/t20-,21+,22-,23-,24-/m1/s1";"False";"-1"
"CHEMBL3923023";"";"";"Small molecule";"";"445.54";"1";"1";"2.11";"94.09";"6";"2";"0";"9";"N";"0.61";"10.13";"None";"2.45";"2.45";"2";"MOL";"-1";"31";"7";"2";"0";"445.1559";"0.38";"NEUTRAL";"C23H27NO6S";"C=Cc1cccc(S(=O)(=O)NC[C@@H]2C[C@@H]3O[C@H](CO)[C@@H](OCc4ccccc4)[C@@H]3O2)c1";"GKYLJMFSXDIFIG-LHLZYUOTSA-N";"InChI=1S/C23H27NO6S/c1-2-16-9-6-10-19(11-16)31(26,27)24-13-18-12-20-23(29-18)22(21(14-25)30-20)28-15-17-7-4-3-5-8-17/h2-11,18,20-25H,1,12-15H2/t18-,20-,21+,22+,23+/m0/s1";"False";"-1"
"CHEMBL4281924";"";"";"Small molecule";"";"464.37";"1";"1";"2.97";"96.97";"6";"2";"0";"6";"N";"0.67";"11.41";"0.81";"1.13";"1.13";"1";"MOL";"-1";"29";"8";"2";"0";"463.0735";"-0.99";"NEUTRAL";"C18H23Cl2N3O5S";"C=CS(=O)(=O)NC1CCN(C(=O)CNc2c(Cl)cc(Cl)c3c2OC(C)(C)O3)CC1";"OUXUMBZHBRAAEI-UHFFFAOYSA-N";"InChI=1S/C18H23Cl2N3O5S/c1-4-29(25,26)22-11-5-7-23(8-6-11)14(24)10-21-15-12(19)9-13(20)16-17(15)28-18(2,3)27-16/h4,9,11,21-22H,1,5-8,10H2,2-3H3";"False";"-1"
"CHEMBL4214264";"";"";"Small molecule";"";"430.84";"20";"60";"3.77";"69.56";"5";"1";"0";"3";"N";"0.64";"7.97";"1.07";"4.19";"4.09";"3";"MOL";"-1";"30";"6";"1";"0";"430.1008";"-0.92";"NEUTRAL";"C21H17ClF2N4O2";"C=CC(=O)N1CCN(c2ncnc3c(F)c(-c4c(O)cccc4F)c(Cl)cc23)CC1";"ZRPZPNYZFSJUPA-UHFFFAOYSA-N";"InChI=1S/C21H17ClF2N4O2/c1-2-16(30)27-6-8-28(9-7-27)21-12-10-13(22)17(19(24)20(12)25-11-26-21)18-14(23)4-3-5-15(18)29/h2-5,10-11,29H,1,6-9H2";"False";"-1"
"CHEMBL3218640";"";"";"Small molecule";"";"1276.50";"1";"1";"None";"None";"None";"None";"None";"None";"None";"None";"None";"None";"None";"None";"None";"MOL";"-1";"None";"None";"None";"None";"1275.6540";"None";"None";"C66H89N11O15";"CC(C)C[C@@H]1NC(=O)[C@H](CCC(=O)O)NC(=O)[C@H](c2ccccc2)NC(=O)[C@@H](Cc2ccccc2)NC(=O)[C@H](CCCN)NC(=O)[C@@H]2CCCN2C(=O)[C@H](CCC(N)=O)NC(=O)C[C@@H](CCc2ccccc2)NC(=O)[C@@H]2CCCCN2C(=O)C(=O)C(C)(C)COC1=O";"PPIIJUADRVZWIH-CPZVBFNDSA-N";"InChI=1S/C66H89N11O15/c1-40(2)36-49-65(91)92-39-66(3,4)56(82)64(90)77-34-15-14-25-50(77)60(86)69-44(28-27-41-18-8-5-9-19-41)38-53(79)70-47(29-31-52(68)78)63(89)76-35-17-26-51(76)61(87)71-45(24-16-33-67)57(83)73-48(37-42-20-10-6-11-21-42)59(85)75-55(43-22-12-7-13-23-43)62(88)72-46(58(84)74-49)30-32-54(80)81/h5-13,18-23,40,44-51,55H,14-17,24-39,67H2,1-4H3,(H2,68,78)(H,69,86)(H,70,79)(H,71,87)(H,72,88)(H,73,83)(H,74,84)(H,75,85)(H,80,81)/t44-,45+,46+,47+,48-,49+,50+,51+,55+/m1/s1";"False";"-1"
"CHEMBL3927517";"";"";"Small molecule";"";"423.51";"1";"1";"3.02";"66.02";"5";"1";"0";"10";"N";"0.60";"None";"None";"3.23";"3.23";"2";"MOL";"-1";"31";"6";"1";"0";"423.2046";"0.56";"NEUTRAL";"C25H29NO5";"C=CC(=O)NC[C@@H]1C[C@@H]2O[C@H](COCc3ccccc3)[C@@H](OCc3ccccc3)[C@@H]2O1";"AWZCLMXIRQCUNH-YLWPMPOJSA-N";"InChI=1S/C25H29NO5/c1-2-23(27)26-14-20-13-21-25(30-20)24(29-16-19-11-7-4-8-12-19)22(31-21)17-28-15-18-9-5-3-6-10-18/h2-12,20-22,24-25H,1,13-17H2,(H,26,27)/t20-,21-,22+,24+,25+/m0/s1";"False";"-1"
"CHEMBL3976478";"";"";"Small molecule";"";"352.46";"1";"1";"3.87";"58.20";"3";"2";"0";"7";"N";"0.63";"10.12";"4.14";"3.80";"3.80";"3";"MOL";"-1";"25";"4";"2";"0";"352.1245";"-1.07";"NEUTRAL";"C20H20N2O2S";"C=Cc1ccccc1S(=O)(=O)NCCNc1ccc2ccccc2c1";"PUCCACVGXACWDY-UHFFFAOYSA-N";"InChI=1S/C20H20N2O2S/c1-2-16-7-5-6-10-20(16)25(23,24)22-14-13-21-19-12-11-17-8-3-4-9-18(17)15-19/h2-12,15,21-22H,1,13-14H2";"False";"-1"
"CHEMBL4175307";"";"";"Small molecule";"";"478.50";"2";"14";"4.54";"92.53";"8";"0";"0";"6";"N";"0.38";"None";"None";"4.61";"4.61";"3";"MOL";"-1";"35";"9";"0";"0";"478.1740";"-0.38";"NEUTRAL";"C26H26N2O7";"COc1cc(C2c3cc4c(cc3CCN2c2ccc([N+](=O)[O-])cc2)OCCO4)cc(OC)c1OC";"WGEAGOOAHYLKSX-UHFFFAOYSA-N";"InChI=1S/C26H26N2O7/c1-31-23-13-17(14-24(32-2)26(23)33-3)25-20-15-22-21(34-10-11-35-22)12-16(20)8-9-27(25)18-4-6-19(7-5-18)28(29)30/h4-7,12-15,25H,8-11H2,1-3H3";"False";"-1"
"CHEMBL4166676";"";"";"Small molecule";"";"396.44";"2";"14";"2.95";"73.18";"7";"0";"0";"5";"N";"0.72";"None";"3.40";"2.31";"2.31";"2";"MOL";"-1";"29";"7";"0";"0";"396.1685";"-0.20";"NEUTRAL";"C22H24N2O5";"COc1cc(C2c3cc4c(cc3CCN2CC#N)OCCO4)cc(OC)c1OC";"FNBISCAUXVYFAM-UHFFFAOYSA-N";"InChI=1S/C22H24N2O5/c1-25-19-11-15(12-20(26-2)22(19)27-3)21-16-13-18-17(28-8-9-29-18)10-14(16)4-6-24(21)7-5-23/h10-13,21H,4,6-9H2,1-3H3";"False";"-1"
"CHEMBL4174594";"";"";"Small molecule";"";"400.48";"2";"14";"2.39";"75.41";"7";"1";"0";"6";"N";"0.80";"None";"9.37";"1.98";"0.04";"2";"MOL";"-1";"29";"7";"2";"0";"400.1998";"-0.02";"BASE";"C22H28N2O5";"COc1cc(C2c3cc4c(cc3CCN2CCN)OCCO4)cc(OC)c1OC";"CUZKNBIXRBWSTG-UHFFFAOYSA-N";"InChI=1S/C22H28N2O5/c1-25-19-11-15(12-20(26-2)22(19)27-3)21-16-13-18-17(28-8-9-29-18)10-14(16)4-6-24(21)7-5-23/h10-13,21H,4-9,23H2,1-3H3";"False";"-1"
"CHEMBL3218644";"";"";"Small molecule";"";"1238.41";"1";"1";"None";"None";"None";"None";"None";"None";"None";"None";"None";"None";"None";"None";"None";"MOL";"-1";"None";"None";"None";"None";"1237.6132";"None";"None";"C61H83N13O15";"C[C@@H]1NC(=O)[C@H](Cc2ccc(O)cc2)NC(=O)[C@H](CCCNC(=N)N)NC(=O)[C@@H]([C@H](C)O)NC(=O)CNC(=O)[C@H](CCC(N)=O)NC(=O)C[C@@H](CCc2ccccc2)NC(=O)[C@@H]2CCCCN2C(=O)C(=O)C(C)(C)COC(=O)[C@H](Cc2ccccc2)NC1=O";"HCYDFWBZDUYDDO-SXLJOGTRSA-N";"InChI=1S/C61H83N13O15/c1-35-52(81)72-45(31-38-16-9-6-10-17-38)59(88)89-34-61(3,4)51(80)58(87)74-29-12-11-19-46(74)56(85)68-40(23-20-37-14-7-5-8-15-37)32-48(78)69-43(26-27-47(62)77)53(82)66-33-49(79)73-50(36(2)75)57(86)70-42(18-13-28-65-60(63)64)54(83)71-44(55(84)67-35)30-39-21-24-41(76)25-22-39/h5-10,14-17,21-22,24-25,35-36,40,42-46,50,75-76H,11-13,18-20,23,26-34H2,1-4H3,(H2,62,77)(H,66,82)(H,67,84)(H,68,85)(H,69,78)(H,70,86)(H,71,83)(H,72,81)(H,73,79)(H4,63,64,65)/t35-,36-,40+,42-,43-,44-,45-,46-,50+/m0/s1";"False";"-1"
"CHEMBL4100766";"";"";"Small molecule";"";"1311.55";"2";"6";"None";"None";"None";"None";"None";"None";"None";"None";"None";"None";"None";"None";"None";"MOL";"-1";"None";"None";"None";"None";"1310.5675";"None";"None";"C60H86N12O17S2";"CC[C@H](C)[C@@H]1NC(=O)[C@H](Cc2ccc(O)cc2)NC(=O)[C@H](CC(C)C)NC(=O)[C@@H]2CCCN2C(=O)[C@@H](NC(C)=O)CSSC[C@@H](C(N)=O)NC(=O)[C@H](C(C)C)NC(=O)[C@@H]2CCCN2C(=O)[C@H](CC(=O)O)NC(=O)[C@H](Cc2ccc(O)cc2)NC(=O)[C@H](CO)NC1=O";"BFXKHTGHFWBLCF-LUWOMMDUSA-N";"InChI=1S/C60H86N12O17S2/c1-8-32(6)49-58(87)67-42(27-73)54(83)64-39(24-34-13-17-36(75)18-14-34)52(81)66-41(26-47(77)78)59(88)71-21-10-12-46(71)56(85)69-48(31(4)5)57(86)68-43(50(61)79)28-90-91-29-44(62-33(7)74)60(89)72-22-9-11-45(72)55(84)65-38(23-30(2)3)51(80)63-40(53(82)70-49)25-35-15-19-37(76)20-16-35/h13-20,30-32,38-46,48-49,73,75-76H,8-12,21-29H2,1-7H3,(H2,61,79)(H,62,74)(H,63,80)(H,64,83)(H,65,84)(H,66,81)(H,67,87)(H,68,86)(H,69,85)(H,70,82)(H,77,78)/t32-,38-,39-,40-,41-,42-,43-,44-,45-,46-,48-,49-/m0/s1";"False";"-1"
"CHEMBL4081270";"";"";"Small molecule";"";"2589.11";"2";"6";"None";"None";"None";"None";"None";"None";"None";"None";"None";"None";"None";"None";"None";"MOL";"-1";"None";"None";"None";"None";"2587.4077";"None";"None";"C110H186N44O25S2";"CC[C@H](C)[C@@H]1NC(=O)[C@H](Cc2ccc(O)cc2)NC(=O)[C@H](CC(C)C)NC(=O)[C@@H]2CCCN2C(=O)[C@@H](NC(=O)[C@H](CCCNC(=N)N)NC(=O)[C@H](CCCNC(=N)N)NC(=O)[C@H](CCCNC(=N)N)NC(=O)[C@H](CCCNC(=N)N)NC(C)=O)CSCCSC[C@@H](C(=O)N[C@@H](CCCNC(=N)N)C(=O)N[C@@H](CCCNC(=N)N)C(=O)N[C@@H](CCCNC(=N)N)C(=O)N[C@@H](CCCNC(=N)N)C(N)=O)NC(=O)[C@H](C(C)C)NC(=O)[C@@H]2CCCN2C(=O)[C@H](CC(=O)O)NC(=O)[C@H](Cc2ccc(O)cc2)NC(=O)[C@H](CO)NC1=O";"OSDAHXNKDVHYAT-BAZUOMPJSA-N";"InChI=1S/C110H186N44O25S2/c1-8-58(6)83-100(177)148-76(53-155)95(172)145-73(50-60-29-33-62(157)34-30-60)93(170)147-75(52-81(159)160)101(178)153-45-18-28-80(153)98(175)151-82(57(4)5)99(176)149-77(96(173)143-70(25-15-43-134-109(124)125)90(167)141-68(23-13-41-132-107(120)121)88(165)139-66(21-11-39-130-105(116)117)86(163)137-64(84(111)161)19-9-37-128-103(112)113)54-180-47-48-181-55-78(102(179)154-46-17-27-79(154)97(174)146-72(49-56(2)3)92(169)144-74(94(171)152-83)51-61-31-35-63(158)36-32-61)150-91(168)71(26-16-44-135-110(126)127)142-89(166)69(24-14-42-133-108(122)123)140-87(164)67(22-12-40-131-106(118)119)138-85(162)65(136-59(7)156)20-10-38-129-104(114)115/h29-36,56-58,64-80,82-83,155,157-158H,8-28,37-55H2,1-7H3,(H2,111,161)(H,136,156)(H,137,163)(H,138,162)(H,139,165)(H,140,164)(H,141,167)(H,142,166)(H,143,173)(H,144,169)(H,145,172)(H,146,174)(H,147,170)(H,148,177)(H,149,176)(H,150,168)(H,151,175)(H,152,171)(H,159,160)(H4,112,113,128)(H4,114,115,129)(H4,116,117,130)(H4,118,119,131)(H4,120,121,132)(H4,122,123,133)(H4,124,125,134)(H4,126,127,135)/t58-,64-,65-,66-,67-,68-,69-,70-,71-,72-,73-,74-,75-,76-,77-,78-,79-,80-,82-,83-/m0/s1";"False";"-1"
"CHEMBL4285725";"";"";"Small molecule";"";"405.80";"1";"1";"2.64";"61.88";"4";"1";"0";"5";"N";"0.76";"None";"2.09";"1.72";"1.72";"1";"MOL";"-1";"27";"6";"1";"0";"405.1067";"-1.30";"NEUTRAL";"C17H19ClF3N3O3";"C=CC(=O)N1CCN(C(=O)CNc2cc(C(F)(F)F)c(Cl)cc2OC)CC1";"FOXVCBAURODPCE-UHFFFAOYSA-N";"InChI=1S/C17H19ClF3N3O3/c1-3-15(25)23-4-6-24(7-5-23)16(26)10-22-13-8-11(17(19,20)21)12(18)9-14(13)27-2/h3,8-9,22H,1,4-7,10H2,2H3";"False";"-1"
"CHEMBL3577123";"";"";"Small molecule";"";"410.50";"7";"9";"4.74";"91.83";"5";"3";"0";"5";"N";"0.57";"11.61";"4.32";"4.03";"4.03";"3";"MOL";"-1";"30";"7";"3";"0";"410.2230";"-1.43";"NEUTRAL";"C22H27FN6O";"CNc1ncc2cc(-c3cc(NC(=O)NCCC(C)(C)C)c(F)cc3C)cnc2n1";"JZBKPHTXKRZFGY-UHFFFAOYSA-N";"InChI=1S/C22H27FN6O/c1-13-8-17(23)18(28-21(30)25-7-6-22(2,3)4)10-16(13)14-9-15-12-27-20(24-5)29-19(15)26-11-14/h8-12H,6-7H2,1-5H3,(H2,25,28,30)(H,24,26,27,29)";"False";"-1"
"CHEMBL3218642";"";"";"Small molecule";"";"1502.79";"1";"1";"None";"None";"None";"None";"None";"None";"None";"None";"None";"None";"None";"None";"None";"MOL";"-1";"None";"None";"None";"None";"1501.7983";"None";"None";"C77H103N19O13";"CC1(C)COC(=O)[C@H](Cc2ccccc2)NC(=O)[C@H](CCCNC(=N)N)NC(=O)[C@@H](Cc2ccc3ccccc3c2)NC(=O)[C@H](CCCNC(=N)N)NC(=O)[C@@H](Cc2ccccc2)NC(=O)[C@H](CCCN=C(N)N)NC(=O)[C@H](CCC(N)=O)NC(=O)C[C@@H](CCc2ccccc2)NC(=O)[C@@H]2CCCCN2C(=O)C1=O";"VMYSDDDWNTUNLA-ZUPOFGHESA-N";"InChI=1S/C77H103N19O13/c1-77(2)46-109-73(108)60(43-49-23-10-5-11-24-49)95-67(102)56(29-18-39-87-76(83)84)92-70(105)59(44-50-31-33-51-25-12-13-26-52(51)41-50)94-66(101)55(28-17-38-86-75(81)82)91-69(104)58(42-48-21-8-4-9-22-48)93-65(100)54(27-16-37-85-74(79)80)90-68(103)57(35-36-62(78)97)89-63(98)45-53(34-32-47-19-6-3-7-20-47)88-71(106)61-30-14-15-40-96(61)72(107)64(77)99/h3-13,19-26,31,33,41,53-61H,14-18,27-30,32,34-40,42-46H2,1-2H3,(H2,78,97)(H,88,106)(H,89,98)(H,90,103)(H,91,104)(H,92,105)(H,93,100)(H,94,101)(H,95,102)(H4,79,80,85)(H4,81,82,86)(H4,83,84,87)/t53-,54+,55+,56+,57+,58-,59-,60+,61+/m1/s1";"False";"-1"
"CHEMBL3577121";"";"";"Small molecule";"";"423.54";"8";"11";"5.65";"78.94";"4";"3";"1";"5";"N";"0.50";"11.61";"4.43";"4.45";"4.45";"3";"MOL";"-1";"31";"6";"3";"1";"423.2434";"-1.47";"NEUTRAL";"C24H30FN5O";"CNc1cc2nc(C)c(-c3cc(NC(=O)NCCC(C)(C)C)c(F)cc3C)cc2cn1";"KKEKAJKLZLESSB-UHFFFAOYSA-N";"InChI=1S/C24H30FN5O/c1-14-9-19(25)21(30-23(31)27-8-7-24(3,4)5)11-17(14)18-10-16-13-28-22(26-6)12-20(16)29-15(18)2/h9-13H,7-8H2,1-6H3,(H,26,28)(H2,27,30,31)";"False";"-1"
"CHEMBL3945018";"";"";"Small molecule";"";"600.85";"1";"4";"-1.04";"261.44";"13";"7";"3";"10";"N";"0.13";"0.99";"0.33";"-3.90";"-8.14";"2";"MOL";"-1";"38";"17";"8";"3";"600.0902";"0.54";"ACID";"C18H27ClN6O11P2";"Nc1nc2c(ncn2[C@@H]2O[C@H](COP(=O)(O)CP(=O)(O)O[C@@H]3CC[C@H](NC(=O)CCl)C3)[C@@H](O)[C@H]2O)c(=O)[nH]1";"WAZVFDDOHLYQLU-RKOWVKTPSA-N";"InChI=1S/C18H27ClN6O11P2/c19-4-11(26)22-8-1-2-9(3-8)36-38(32,33)7-37(30,31)34-5-10-13(27)14(28)17(35-10)25-6-21-12-15(25)23-18(20)24-16(12)29/h6,8-10,13-14,17,27-28H,1-5,7H2,(H,22,26)(H,30,31)(H,32,33)(H3,20,23,24,29)/t8-,9+,10+,13+,14+,17+/m0/s1";"False";"-1"
"CHEMBL3984985";"";"";"Small molecule";"";"535.66";"1";"1";"4.34";"83.09";"6";"1";"1";"12";"N";"0.37";"10.13";"None";"4.82";"4.82";"3";"MOL";"-1";"38";"7";"1";"1";"535.2029";"0.09";"NEUTRAL";"C30H33NO6S";"C=Cc1cccc(S(=O)(=O)NC[C@H]2C[C@@H]3O[C@H](COCc4ccccc4)[C@@H](OCc4ccccc4)[C@@H]3O2)c1";"NCUUGAUAUAORRU-PMPPGDGWSA-N";"InChI=1S/C30H33NO6S/c1-2-22-14-9-15-26(16-22)38(32,33)31-18-25-17-27-30(36-25)29(35-20-24-12-7-4-8-13-24)28(37-27)21-34-19-23-10-5-3-6-11-23/h2-16,25,27-31H,1,17-21H2/t25-,27+,28-,29-,30-/m1/s1";"False";"-1"
"CHEMBL4063829";"";"";"Small molecule";"";"2468.96";"2";"6";"None";"None";"None";"None";"None";"None";"None";"None";"None";"None";"None";"None";"None";"MOL";"-1";"None";"None";"None";"None";"2467.3502";"None";"None";"C102H178N44O24S2";"CC[C@H](C)[C@@H]1NC(=O)[C@H](C)NC(=O)[C@H](CC(C)C)NC(=O)[C@@H]2CCCN2C(=O)[C@@H](NC(=O)[C@H](CCCNC(=N)N)NC(=O)[C@H](CCCNC(=N)N)NC(=O)[C@H](CCCNC(=N)N)NC(=O)[C@H](CCCNC(=N)N)NC(C)=O)CSSC[C@@H](C(=O)N[C@@H](CCCNC(=N)N)C(=O)N[C@@H](CCCNC(=N)N)C(=O)N[C@@H](CCCNC(=N)N)C(=O)N[C@@H](CCCNC(=N)N)C(N)=O)NC(=O)[C@H](C(C)C)NC(=O)[C@@H]2CCCN2C(=O)[C@H](CC(=O)O)NC(=O)[C@H](Cc2ccc(O)cc2)NC(=O)[C@H](CO)NC1=O";"ASKOIVCPTUCUMC-NLCBULRISA-N";"InChI=1S/C102H178N44O24S2/c1-9-52(6)75-92(168)140-68(47-147)87(163)137-66(45-55-30-32-56(149)33-31-55)86(162)139-67(46-73(150)151)93(169)145-42-19-29-72(145)90(166)143-74(51(4)5)91(167)141-69(88(164)136-63(26-16-40-126-101(116)117)83(159)134-61(24-14-38-124-99(112)113)81(157)132-59(22-12-36-122-97(108)109)79(155)130-57(76(103)152)20-10-34-120-95(104)105)48-171-172-49-70(94(170)146-43-18-28-71(146)89(165)138-65(44-50(2)3)85(161)128-53(7)77(153)144-75)142-84(160)64(27-17-41-127-102(118)119)135-82(158)62(25-15-39-125-100(114)115)133-80(156)60(23-13-37-123-98(110)111)131-78(154)58(129-54(8)148)21-11-35-121-96(106)107/h30-33,50-53,57-72,74-75,147,149H,9-29,34-49H2,1-8H3,(H2,103,152)(H,128,161)(H,129,148)(H,130,155)(H,131,154)(H,132,157)(H,133,156)(H,134,159)(H,135,158)(H,136,164)(H,137,163)(H,138,165)(H,139,162)(H,140,168)(H,141,167)(H,142,160)(H,143,166)(H,144,153)(H,150,151)(H4,104,105,120)(H4,106,107,121)(H4,108,109,122)(H4,110,111,123)(H4,112,113,124)(H4,114,115,125)(H4,116,117,126)(H4,118,119,127)/t52-,53-,57-,58-,59-,60-,61-,62-,63-,64-,65-,66-,67-,68-,69-,70-,71-,72-,74-,75-/m0/s1";"False";"-1"
"CHEMBL4083770";"";"";"Small molecule";"";"2535.02";"2";"6";"None";"None";"None";"None";"None";"None";"None";"None";"None";"None";"None";"None";"None";"MOL";"-1";"None";"None";"None";"None";"2533.3608";"None";"None";"C106H180N44O25S2";"CC[C@H](C)[C@@H]1NC(=O)[C@H](Cc2ccc(O)cc2)NC(=O)[C@H](CC(C)C)NC(=O)[C@@H]2CCCN2C(=O)[C@@H](NC(=O)[C@H](CCCNC(=N)N)NC(=O)[C@H](CCCNC(=N)N)NC(=O)[C@H](CCCNC(=N)N)NC(=O)[C@H](CCCNC(=N)N)NC(C)=O)CSSC[C@@H](C(=O)N[C@@H](CCCNC(=N)N)C(=O)N[C@@H](CCCNC(=N)N)C(=O)N[C@@H](CCCNC(=N)N)C(=O)N[C@@H](CCCNC(=N)N)C(N)=O)NC(=O)[C@H](C(C)C)NC(=O)[C@H](C)NC(=O)[C@H](CC(=O)O)NC(=O)[C@H](Cc2ccc(O)cc2)NC(=O)[C@H](CO)NC1=O";"QDZGFDPPYKKFMB-DWYUSWDISA-N";"InChI=1S/C106H180N44O25S2/c1-9-54(6)79-97(174)145-73(49-151)93(170)142-70(46-57-28-32-59(153)33-29-57)91(168)143-72(48-77(155)156)89(166)132-55(7)81(158)148-78(53(4)5)96(173)146-74(94(171)140-67(25-16-42-130-105(120)121)87(164)138-65(23-14-40-128-103(116)117)85(162)136-63(21-12-38-126-101(112)113)83(160)134-61(80(107)157)19-10-36-124-99(108)109)50-176-177-51-75(98(175)150-44-18-27-76(150)95(172)144-69(45-52(2)3)90(167)141-71(92(169)149-79)47-58-30-34-60(154)35-31-58)147-88(165)68(26-17-43-131-106(122)123)139-86(163)66(24-15-41-129-104(118)119)137-84(161)64(22-13-39-127-102(114)115)135-82(159)62(133-56(8)152)20-11-37-125-100(110)111/h28-35,52-55,61-76,78-79,151,153-154H,9-27,36-51H2,1-8H3,(H2,107,157)(H,132,166)(H,133,152)(H,134,160)(H,135,159)(H,136,162)(H,137,161)(H,138,164)(H,139,163)(H,140,171)(H,141,167)(H,142,170)(H,143,168)(H,144,172)(H,145,174)(H,146,173)(H,147,165)(H,148,158)(H,149,169)(H,155,156)(H4,108,109,124)(H4,110,111,125)(H4,112,113,126)(H4,114,115,127)(H4,116,117,128)(H4,118,119,129)(H4,120,121,130)(H4,122,123,131)/t54-,55-,61-,62-,63-,64-,65-,66-,67-,68-,69-,70-,71-,72-,73-,74-,75-,76-,78-,79-/m0/s1";"False";"-1"
"CHEMBL3922784";"";"";"Small molecule";"";"353.44";"1";"1";"3.84";"55.40";"3";"1";"0";"7";"N";"0.66";"10.26";"None";"4.17";"4.17";"3";"MOL";"-1";"25";"4";"1";"0";"353.1086";"-0.96";"NEUTRAL";"C20H19NO3S";"C=Cc1ccc(S(=O)(=O)NCCOc2ccc3ccccc3c2)cc1";"XVGLYOBCLYKDHK-UHFFFAOYSA-N";"InChI=1S/C20H19NO3S/c1-2-16-7-11-20(12-8-16)25(22,23)21-13-14-24-19-10-9-17-5-3-4-6-18(17)15-19/h2-12,15,21H,1,13-14H2";"False";"-1"
"CHEMBL2396992";"";"";"Small molecule";"";"243.14";"2";"7";"3.28";"41.81";"1";"2";"0";"2";"N";"0.83";"None";"9.72";"2.89";"0.65";"2";"MOL";"-1";"15";"2";"3";"0";"242.0378";"-0.62";"BASE";"C11H12Cl2N2";"Cc1[nH]c2cc(Cl)cc(Cl)c2c1CCN";"JCTJISIFGZHOFY-UHFFFAOYSA-N";"InChI=1S/C11H12Cl2N2/c1-6-8(2-3-14)11-9(13)4-7(12)5-10(11)15-6/h4-5,15H,2-3,14H2,1H3";"False";"-1"
"CHEMBL4594350";"ADAGRASIB";"ADAGRASIB|KRAS G12C INHIBITOR MRTX849|KRAZATI|MRTX-849|MRTX849";"Small molecule";"4.0";"604.13";"25";"125";"4.73";"88.83";"8";"0";"1";"7";"N";"0.36";"None";"8.46";"4.90";"3.80";"3";"MOL";"0";"43";"9";"0";"1";"603.2525";"-0.81";"NEUTRAL";"C32H35ClFN7O2";"C=C(F)C(=O)N1CCN(c2nc(OC[C@@H]3CCCN3C)nc3c2CCN(c2cccc4cccc(Cl)c24)C3)C[C@@H]1CC#N";"PEMUGDMSUDYLHU-ZEQRLZLVSA-N";"InChI=1S/C32H35ClFN7O2/c1-21(34)31(42)41-17-16-40(18-23(41)11-13-35)30-25-12-15-39(28-10-4-7-22-6-3-9-26(33)29(22)28)19-27(25)36-32(37-30)43-20-24-8-5-14-38(24)2/h3-4,6-7,9-10,23-24H,1,5,8,11-12,14-20H2,2H3/t23-,24-/m0/s1";"False";"0"
"CHEMBL1421";"DASATINIB";"BMS-354825|BMS-354825 HYDRATE|BMS-354825-03|DASATINIB|DASATINIB HYDRATE|DASATINIB MONOHYDRATE|Dasatinib Accordpharma|NSC-759877|SPRYCEL";"Small molecule";"4.0";"488.02";"1074";"3114";"3.31";"106.51";"9";"3";"0";"7";"N";"0.47";"8.52";"7.19";"3.83";"3.74";"3";"MOL";"0";"33";"9";"3";"0";"487.1557";"-2.33";"NEUTRAL";"C22H26ClN7O2S";"Cc1nc(Nc2ncc(C(=O)Nc3c(C)cccc3Cl)s2)cc(N2CCN(CCO)CC2)n1";"ZBNZXTGUTAYRHI-UHFFFAOYSA-N";"InChI=1S/C22H26ClN7O2S/c1-14-4-3-5-16(23)20(14)28-21(32)17-13-24-22(33-17)27-18-12-19(26-15(2)25-18)30-8-6-29(7-9-30)10-11-31/h3-5,12-13,31H,6-11H2,1-2H3,(H,28,32)(H,24,25,26,27)";"False";"0"
"CHEMBL351706";"BMS-214662";"BMS 214662|BMS-214662";"Small molecule";"1.0";"489.63";"12";"43";"4.17";"93.09";"6";"1";"0";"6";"N";"0.44";"12.90";"6.25";"4.25";"4.22";"4";"MOL";"0";"34";"7";"1";"0";"489.1293";"-1.54";"NEUTRAL";"C25H23N5O2S2";"N#Cc1ccc2c(c1)CN(S(=O)(=O)c1cccs1)[C@H](Cc1ccccc1)CN2Cc1c[nH]cn1";"OLCWFLWEHWLBTO-HSZRJFAPSA-N";"InChI=1S/C25H23N5O2S2/c26-13-20-8-9-24-21(11-20)15-30(34(31,32)25-7-4-10-33-25)23(12-19-5-2-1-3-6-19)17-29(24)16-22-14-27-18-28-22/h1-11,14,18,23H,12,15-17H2,(H,27,28)/t23-/m1/s1";"False";"0"
"CHEMBL1229517";"VEMURAFENIB";"PLX-4032|PLX4032|RG 7204|RG-7204|RO 5185426|RO-51-85426|RO-5185426|VEMURAFENIB|Zelboraf";"Small molecule";"4.0";"489.93";"402";"727";"5.54";"91.92";"4";"2";"1";"7";"N";"0.33";"8.87";"2.30";"4.62";"4.61";"4";"MOL";"0";"33";"6";"2";"1";"489.0725";"-1.38";"NEUTRAL";"C23H18ClF2N3O3S";"CCCS(=O)(=O)Nc1ccc(F)c(C(=O)c2c[nH]c3ncc(-c4ccc(Cl)cc4)cc23)c1F";"GPXBXXGIAQBQNI-UHFFFAOYSA-N";"InChI=1S/C23H18ClF2N3O3S/c1-2-9-33(31,32)29-19-8-7-18(25)20(21(19)26)22(30)17-12-28-23-16(17)10-14(11-27-23)13-3-5-15(24)6-4-13/h3-8,10-12,29H,2,9H2,1H3,(H,27,28)";"False";"0"
